,time_this_iter_s,should_checkpoint,done,timesteps_total,episodes_total,training_iteration,trial_id,experiment_id,date,timestamp,time_total_s,pid,hostname,node_ip,time_since_restore,timesteps_since_restore,iterations_since_restore,warmup_time,_metric/h_train_loss,_metric/r_train_loss,_metric/sum_train_loss,_metric/h_val_loss,_metric/r_val_loss,_metric/sum_val_loss,_metric/total_params,_metric/weighted_val_loss,config/adam_beta,config/batch_size,config/beta,config/checkpoint_dir,config/data_dir,config/delta,config/first_channels,config/lr,config/max_channels,config/n_convs,config/n_depthwise,config/num_epochs,config/upsampling_mode,logdir
0,358.4561815261841,True,True,,,3,2a2d561f,380866090dd94c1fa9a0ff7a8797de9d,2023-03-23_21-05-50,1679619950,1084.6822459697723,100478,Roybatti,128.186.93.54,1084.6822459697723,0,3,0.0025603771209716,0.0014742376188334,0.0013298414253174,0.0028040790412234,0.0014111256387209,0.0013891200223423,0.00280024565936,6398476,0.0438842469738807,0.95,128,1,/home/roybatti/Desktop/tiktoks/tiktoksteg/checkpoints,/home/roybatti/Desktop/tiktoks/tiktoksteg/data,0.5,64,0.001,512,5,4,30,nearest,"/home/roybatti/ray_results/train_2023-03-23_20-47-42/train_2a2d561f_1_adam_beta=0.9500,batch_size=128,beta=1,checkpoint_dir=home_roybatti_Desktop_tiktoks_tiktoksteg_checkpoints,data_d_2023-03-23_20-47-44"
1,338.0041480064392,True,True,,,1,939f09e4,380866090dd94c1fa9a0ff7a8797de9d,2023-03-23_21-11-29,1679620289,338.0041480064392,100478,Roybatti,128.186.93.54,338.0041480064392,0,1,0.0025603771209716,0.0038826076222038,0.0022865329903289,0.0061691406292989,0.0038086386870753,0.0018910895741378,0.0056997282859093,17602060,0.0950915678928661,0.9619377110306264,64,1,/home/roybatti/Desktop/tiktoks/tiktoksteg/checkpoints,/home/roybatti/Desktop/tiktoks/tiktoksteg/data,0.26388846921731834,64,1.4867145363444038e-05,1024,6,4,30,nearest,"/home/roybatti/ray_results/train_2023-03-23_20-47-42/train_939f09e4_2_adam_beta=0.9619,batch_size=64,beta=1,checkpoint_dir=home_roybatti_Desktop_tiktoks_tiktoksteg_checkpoints,data_di_2023-03-23_21-05-50"
2,364.81982231140137,True,True,,,1,f93f9f72,380866090dd94c1fa9a0ff7a8797de9d,2023-03-23_21-17-33,1679620653,364.81982231140137,100478,Roybatti,128.186.93.54,364.81982231140137,0,1,0.0025603771209716,0.0036521554190161,0.0031619565838455,0.006814112013081,0.0031114282312802,0.0031089265004238,0.0062203547276589,1442828,0.0882177900354697,0.9331752958690069,32,1,/home/roybatti/Desktop/tiktoks/tiktoksteg/checkpoints,/home/roybatti/Desktop/tiktoks/tiktoksteg/data,0.20394391591026373,64,0.0015353798536383416,1024,3,4,30,bilinear,"/home/roybatti/ray_results/train_2023-03-23_20-47-42/train_f93f9f72_3_adam_beta=0.9332,batch_size=32,beta=1,checkpoint_dir=home_roybatti_Desktop_tiktoks_tiktoksteg_checkpoints,data_di_2023-03-23_21-11-29"
3,18580.012204170227,True,True,,,1,26fa2f22,380866090dd94c1fa9a0ff7a8797de9d,2023-03-24_02-27-13,1679639233,18580.012204170227,100478,Roybatti,128.186.93.54,18580.012204170227,0,1,0.0025603771209716,0.0298520296281926,0.0236944650206302,0.0535464947694862,0.0293374544880106,0.0159192303035283,0.0452566849405676,49118540,0.8014844457070593,0.9691775813023875,16,1,/home/roybatti/Desktop/tiktoks/tiktoksteg/checkpoints,/home/roybatti/Desktop/tiktoks/tiktoksteg/data,0.962178909031855,32,1.9319391768472073e-06,2048,7,2,30,bicubic,"/home/roybatti/ray_results/train_2023-03-23_20-47-42/train_26fa2f22_4_adam_beta=0.9692,batch_size=16,beta=1,checkpoint_dir=home_roybatti_Desktop_tiktoks_tiktoksteg_checkpoints,data_di_2023-03-23_21-17-33"
4,323.0679380893707,True,True,,,1,8da543a4,380866090dd94c1fa9a0ff7a8797de9d,2023-03-24_02-32-36,1679639556,323.0679380893707,100478,Roybatti,128.186.93.54,323.0679380893707,0,1,0.0025603771209716,0.0059059556787598,0.0040902375277003,0.0099961932369054,0.0057649691420454,0.0031097784071244,0.0088747475789756,402956,0.1145426631598976,0.9869469040258257,32,1,/home/roybatti/Desktop/tiktoks/tiktoksteg/checkpoints,/home/roybatti/Desktop/tiktoks/tiktoksteg/data,0.18341860620179967,64,2.8292334865174834e-06,512,2,2,30,nearest,"/home/roybatti/ray_results/train_2023-03-23_20-47-42/train_8da543a4_5_adam_beta=0.9869,batch_size=32,beta=1,checkpoint_dir=home_roybatti_Desktop_tiktoks_tiktoksteg_checkpoints,data_di_2023-03-24_02-27-13"
5,710.6129925251007,True,True,,,1,0c806ff9,380866090dd94c1fa9a0ff7a8797de9d,2023-03-24_02-44-27,1679640267,710.6129925251007,100478,Roybatti,128.186.93.54,710.6129925251007,0,1,0.0025603771209716,0.0042682939884083,0.0031321234820118,0.0074004174911783,0.0033854556153169,0.0032247533815862,0.0066102090003095,64365068,0.118852097361071,0.9602279780230208,64,1,/home/roybatti/Desktop/tiktoks/tiktoksteg/checkpoints,/home/roybatti/Desktop/tiktoks/tiktoksteg/data,0.8679021231858424,128,0.001523005632911455,2048,6,3,30,nearest,"/home/roybatti/ray_results/train_2023-03-23_20-47-42/train_0c806ff9_6_adam_beta=0.9602,batch_size=64,beta=1,checkpoint_dir=home_roybatti_Desktop_tiktoks_tiktoksteg_checkpoints,data_di_2023-03-24_02-32-36"
6,244.1995017528534,True,True,,,1,3f97ff28,380866090dd94c1fa9a0ff7a8797de9d,2023-03-24_02-48-31,1679640511,244.1995017528534,100478,Roybatti,128.186.93.54,244.1995017528534,0,1,0.0025603771209716,0.0061110653312657,0.003856783524179,0.0099678488848788,0.0049063345360536,0.0037494214724909,0.0086557560311118,3045900,0.129224438949398,0.9507708505827825,32,1,/home/roybatti/Desktop/tiktoks/tiktoksteg/checkpoints,/home/roybatti/Desktop/tiktoks/tiktoksteg/data,0.2685979496161724,32,0.00027923327646468647,256,7,5,30,nearest,"/home/roybatti/ray_results/train_2023-03-23_20-47-42/train_3f97ff28_7_adam_beta=0.9508,batch_size=32,beta=1,checkpoint_dir=home_roybatti_Desktop_tiktoks_tiktoksteg_checkpoints,data_di_2023-03-24_02-44-27"
7,15970.087017297745,True,True,,,1,79b6aaeb,380866090dd94c1fa9a0ff7a8797de9d,2023-03-24_07-14-41,1679656481,15970.087017297745,100478,Roybatti,128.186.93.54,15970.087017297745,0,1,0.0025603771209716,0.0037340708911538,0.0031963158245043,0.0069303867267291,0.003149766586095,0.0034811884064322,0.0066309550053011,60059660,0.1187660335571744,0.9606869508623368,64,1,/home/roybatti/Desktop/tiktoks/tiktoksteg/checkpoints,/home/roybatti/Desktop/tiktoks/tiktoksteg/data,0.9938308513388813,128,0.003417063682794773,1024,6,6,30,bicubic,"/home/roybatti/ray_results/train_2023-03-23_20-47-42/train_79b6aaeb_8_adam_beta=0.9607,batch_size=64,beta=1,checkpoint_dir=home_roybatti_Desktop_tiktoks_tiktoksteg_checkpoints,data_di_2023-03-24_02-48-31"
8,47170.42027235031,True,True,,,1,cf46346c,380866090dd94c1fa9a0ff7a8797de9d,2023-03-24_20-20-52,1679703652,47170.42027235031,100478,Roybatti,128.186.93.54,47170.42027235031,0,1,0.0025603771209716,0.0149721531254646,0.0083724507787624,0.0233446039805532,0.014753253154345,0.0063891044600389,0.0211423577097623,196658444,0.4037551610913291,0.9657421487594948,32,1,/home/roybatti/Desktop/tiktoks/tiktoksteg/checkpoints,/home/roybatti/Desktop/tiktoks/tiktoksteg/data,0.8914504648690197,128,2.927915176026909e-06,4096,6,2,30,bicubic,"/home/roybatti/ray_results/train_2023-03-23_20-47-42/train_cf46346c_9_adam_beta=0.9657,batch_size=32,beta=1,checkpoint_dir=home_roybatti_Desktop_tiktoks_tiktoksteg_checkpoints,data_di_2023-03-24_07-14-41"
9,207.846675157547,True,True,,,1,2e3fd129,380866090dd94c1fa9a0ff7a8797de9d,2023-03-24_20-24-20,1679703860,207.846675157547,100478,Roybatti,128.186.93.54,207.846675157547,0,1,0.0025603771209716,0.0143445679778745,0.0077519438472078,0.0220965118995988,0.0139348835548423,0.0063375728246361,0.0202724564867791,107276,0.2348191117755695,0.961332636906121,32,1,/home/roybatti/Desktop/tiktoks/tiktoksteg/checkpoints,/home/roybatti/Desktop/tiktoks/tiktoksteg/data,0.9443890948496412,32,2.069990234355745e-05,4096,2,3,30,nearest,"/home/roybatti/ray_results/train_2023-03-23_20-47-42/train_2e3fd129_10_adam_beta=0.9613,batch_size=32,beta=1,checkpoint_dir=home_roybatti_Desktop_tiktoks_tiktoksteg_checkpoints,data_d_2023-03-24_20-20-52"
10,3697.394239902496,True,True,,,2,da138091,380866090dd94c1fa9a0ff7a8797de9d,2023-03-24_22-28-11,1679711291,7431.364264011383,100478,Roybatti,128.186.93.54,7431.364264011383,0,2,0.0025603771209716,0.0025061252803048,0.0013020139204074,0.003808139212422,0.0025168698017481,0.0012313595727377,0.0037482293910919,1553804,0.0534355703501178,0.9709840602787918,128,1,/home/roybatti/Desktop/tiktoks/tiktoksteg/checkpoints,/home/roybatti/Desktop/tiktoks/tiktoksteg/data,0.37943737550495726,64,8.795982527415714e-06,128,7,4,30,bicubic,"/home/roybatti/ray_results/train_2023-03-23_20-47-42/train_da138091_11_adam_beta=0.9710,batch_size=128,beta=1,checkpoint_dir=home_roybatti_Desktop_tiktoks_tiktoksteg_checkpoints,data__2023-03-24_20-24-20"
11,550.7188601493835,True,True,,,1,dde13032,e056d9dfc0a046e0adacf9f338012148,2023-03-24_22-37-25,1679711845,550.7188601493835,1625269,Roybatti,128.186.93.54,550.7188601493835,0,1,0.0024144649505615,0.0150552956359456,0.0101702869580352,0.0252255826488037,0.0142701839648569,0.0071933106501717,0.0214634947210519,49242764,0.3801672778386603,0.9540327396583981,32,1,/home/roybatti/Desktop/tiktoks/tiktoksteg/checkpoints,/home/roybatti/Desktop/tiktoks/tiktoksteg/data,0.9678060826553238,64,2.9382328661865383e-06,2048,6,2,30,bilinear,"/home/roybatti/ray_results/train_2023-03-23_20-47-42/train_dde13032_13_adam_beta=0.9540,batch_size=32,beta=1,checkpoint_dir=home_roybatti_Desktop_tiktoks_tiktoksteg_checkpoints,data_d_2023-03-24_22-28-13"
12,691.3221192359924,True,True,,,1,fefec3d4,e056d9dfc0a046e0adacf9f338012148,2023-03-24_22-48-57,1679712537,691.3221192359924,1625269,Roybatti,128.186.93.54,691.3221192359924,0,1,0.0024144649505615,0.0053523883807423,0.0078368863997578,0.0131892747995018,0.0050567646509515,0.0078268960584114,0.0128836607232013,11661452,0.2096403410146062,0.9934945483712421,32,1,/home/roybatti/Desktop/tiktoks/tiktoksteg/checkpoints,/home/roybatti/Desktop/tiktoks/tiktoksteg/data,0.4603856408396362,128,0.007371645367424359,512,5,1,30,nearest,"/home/roybatti/ray_results/train_2023-03-23_20-47-42/train_fefec3d4_14_adam_beta=0.9935,batch_size=32,beta=1,checkpoint_dir=home_roybatti_Desktop_tiktoks_tiktoksteg_checkpoints,data_d_2023-03-24_22-37-25"
13,599.3465490341187,True,True,,,1,1ed7bca0,e056d9dfc0a046e0adacf9f338012148,2023-03-24_22-58-56,1679713136,599.3465490341187,1625269,Roybatti,128.186.93.54,599.3465490341187,0,1,0.0024144649505615,0.0138693911015587,0.0126048920685426,0.0264742832093822,0.0124022341714949,0.0125374779999784,0.0249397122080918,519692,0.328231343061214,0.9481127991335969,16,1,/home/roybatti/Desktop/tiktoks/tiktoksteg/checkpoints,/home/roybatti/Desktop/tiktoks/tiktoksteg/data,0.9668320943083567,128,0.001635509579558345,128,1,6,30,bicubic,"/home/roybatti/ray_results/train_2023-03-23_20-47-42/train_1ed7bca0_15_adam_beta=0.9481,batch_size=16,beta=1,checkpoint_dir=home_roybatti_Desktop_tiktoks_tiktoksteg_checkpoints,data_d_2023-03-24_22-48-57"
14,837.5388531684875,True,True,,,1,27d9eeda,e056d9dfc0a046e0adacf9f338012148,2023-03-24_23-12-54,1679713974,837.5388531684875,1625269,Roybatti,128.186.93.54,837.5388531684875,0,1,0.0024144649505615,0.0259266034673496,0.0187704948130646,0.0446970983652033,0.0249844354209368,0.0132660053337007,0.0382504408974922,369164,0.4903322591422658,0.9403630506573442,16,1,/home/roybatti/Desktop/tiktoks/tiktoksteg/checkpoints,/home/roybatti/Desktop/tiktoks/tiktoksteg/data,0.5762470890409929,32,2.3691133275027704e-06,256,3,7,30,bicubic,"/home/roybatti/ray_results/train_2023-03-23_20-47-42/train_27d9eeda_16_adam_beta=0.9404,batch_size=16,beta=1,checkpoint_dir=home_roybatti_Desktop_tiktoks_tiktoksteg_checkpoints,data_d_2023-03-24_22-58-56"
15,269.29583168029785,True,True,,,1,58db9fe4,22d6a64171a5436b8d5c5a84d665db7e,2023-03-24_23-17-26,1679714246,269.29583168029785,1686963,Roybatti,128.186.93.54,269.29583168029785,0,1,0.0022225379943847,0.0082630729557982,0.0081540704205427,0.0164171434086226,0.0079020732558785,0.0080160575483796,0.0159181308434314,735836,0.2150342497527232,0.9399846793731533,16,1,/home/roybatti/Desktop/tiktoks/tiktoksteg/checkpoints,/home/roybatti/Desktop/tiktoks/tiktoksteg/data,0.2829629561613908,16,0.00780559789055833,128,6,1,30,nearest,"/home/roybatti/ray_results/train_2023-03-23_20-47-42/train_58db9fe4_18_adam_beta=0.9400,batch_size=16,beta=1,checkpoint_dir=home_roybatti_Desktop_tiktoks_tiktoksteg_checkpoints,data_d_2023-03-24_23-12-55"
16,4019.6661071777344,True,True,,,2,8ce3442d,22d6a64171a5436b8d5c5a84d665db7e,2023-03-25_01-28-58,1679722138,7891.860486984253,1686963,Roybatti,128.186.93.54,7891.860486984253,0,2,0.0022225379943847,0.0020621968183896,0.0015929095662628,0.0036551063934348,0.0019158125313309,0.0016741610940851,0.0035899736324416,1989132,0.0520661376108965,0.968095299687322,64,1,/home/roybatti/Desktop/tiktoks/tiktoksteg/checkpoints,/home/roybatti/Desktop/tiktoks/tiktoksteg/data,0.2152894785101559,64,0.00038719520098776724,256,5,3,30,bicubic,"/home/roybatti/ray_results/train_2023-03-23_20-47-42/train_8ce3442d_19_adam_beta=0.9681,batch_size=64,beta=1,checkpoint_dir=home_roybatti_Desktop_tiktoks_tiktoksteg_checkpoints,data_d_2023-03-24_23-17-26"
17,2593.1723577976227,True,True,,,2,7504d22a,22d6a64171a5436b8d5c5a84d665db7e,2023-03-25_02-55-27,1679727327,5189.116770029068,1686963,Roybatti,128.186.93.54,5189.116770029068,0,2,0.0022225379943847,0.0065311717344515,0.0032083012575608,0.0097394730454513,0.0063287684738002,0.0031777250647871,0.0095064936109727,386252,0.1222938656134952,0.9988046093888282,64,1,/home/roybatti/Desktop/tiktoks/tiktoksteg/checkpoints,/home/roybatti/Desktop/tiktoks/tiktoksteg/data,0.7473810327198042,16,3.342859771156876e-05,128,6,3,30,bicubic,"/home/roybatti/ray_results/train_2023-03-23_20-47-42/train_7504d22a_20_adam_beta=0.9988,batch_size=64,beta=1,checkpoint_dir=home_roybatti_Desktop_tiktoks_tiktoksteg_checkpoints,data_d_2023-03-25_01-28-58"
18,213.655549287796,True,True,,,1,8795d216,22d6a64171a5436b8d5c5a84d665db7e,2023-03-25_02-59-01,1679727541,213.655549287796,1686963,Roybatti,128.186.93.54,213.655549287796,0,1,0.0022225379943847,0.0186444863241635,0.0108349709353616,0.0294794573428239,0.0178430806383437,0.00920431532033,0.0270473960561811,30092,0.2789131439613294,0.9387295527446764,16,1,/home/roybatti/Desktop/tiktoks/tiktoksteg/checkpoints,/home/roybatti/Desktop/tiktoks/tiktoksteg/data,0.35448507986915434,16,1.8025001376964695e-05,128,2,2,30,nearest,"/home/roybatti/ray_results/train_2023-03-23_20-47-42/train_8795d216_21_adam_beta=0.9387,batch_size=16,beta=1,checkpoint_dir=home_roybatti_Desktop_tiktoks_tiktoksteg_checkpoints,data_d_2023-03-25_02-55-27"
19,458.2163660526276,True,True,,,1,8e5e3d50,22d6a64171a5436b8d5c5a84d665db7e,2023-03-25_03-06-39,1679727999,458.2163660526276,1686963,Roybatti,128.186.93.54,458.2163660526276,0,1,0.0022225379943847,0.0126092695478461,0.0077474855969415,0.0203567551982532,0.0102640697501573,0.0074473104000786,0.0177113801945187,5586956,0.2751630312857118,0.9971365505147571,16,1,/home/roybatti/Desktop/tiktoks/tiktoksteg/checkpoints,/home/roybatti/Desktop/tiktoks/tiktoksteg/data,0.2679636847233231,64,0.00011432589450946753,1024,4,4,30,bilinear,"/home/roybatti/ray_results/train_2023-03-23_20-47-42/train_8e5e3d50_22_adam_beta=0.9971,batch_size=16,beta=1,checkpoint_dir=home_roybatti_Desktop_tiktoks_tiktoksteg_checkpoints,data_d_2023-03-25_02-59-01"
20,442.4119019508362,True,True,,,2,3d1d2a2e,22d6a64171a5436b8d5c5a84d665db7e,2023-03-25_03-21-24,1679728884,884.6223690509796,1686963,Roybatti,128.186.93.54,884.6223690509796,0,2,0.0022225379943847,0.0025810307114017,0.0014526564479385,0.0040336871827597,0.0024172565312722,0.001450233728184,0.0038674902811719,10320908,0.0624587393340183,0.9775485180706501,128,1,/home/roybatti/Desktop/tiktoks/tiktoksteg/checkpoints,/home/roybatti/Desktop/tiktoks/tiktoksteg/data,0.6224951016622455,64,0.00024766892137482565,512,5,5,30,bilinear,"/home/roybatti/ray_results/train_2023-03-23_20-47-42/train_3d1d2a2e_23_adam_beta=0.9775,batch_size=128,beta=1,checkpoint_dir=home_roybatti_Desktop_tiktoks_tiktoksteg_checkpoints,data__2023-03-25_03-06-39"
21,3674.743906021118,True,True,,,3,6891397c,22d6a64171a5436b8d5c5a84d665db7e,2023-03-25_06-15-57,1679739357,10472.93138241768,1686963,Roybatti,128.186.93.54,10472.93138241768,0,3,0.0022225379943847,0.0005612474791561,0.0004659556920127,0.0010272031741229,0.0005370080119757,0.0004725640982215,0.001009572112752,3817484,0.0153001684711493,0.9798931885409989,128,1,/home/roybatti/Desktop/tiktoks/tiktoksteg/checkpoints,/home/roybatti/Desktop/tiktoks/tiktoksteg/data,0.1118593745654572,64,0.0005923094900260664,256,5,5,30,bicubic,"/home/roybatti/ray_results/train_2023-03-23_20-47-42/train_6891397c_24_adam_beta=0.9799,batch_size=128,beta=1,checkpoint_dir=home_roybatti_Desktop_tiktoks_tiktoksteg_checkpoints,data__2023-03-25_03-21-24"
22,2346.140609025955,True,True,,,2,80b8c766,22d6a64171a5436b8d5c5a84d665db7e,2023-03-25_07-35-03,1679744103,4745.801506757736,1686963,Roybatti,128.186.93.54,4745.801506757736,0,2,0.0022225379943847,0.0026859874320142,0.0013344406229987,0.0040204280722582,0.0026023936879363,0.0013320421262875,0.0039344358189076,1651980,0.0563312263181917,0.9528930743194831,128,1,/home/roybatti/Desktop/tiktoks/tiktoksteg/checkpoints,/home/roybatti/Desktop/tiktoks/tiktoksteg/data,0.48787105499501504,64,7.670743419836672e-05,256,4,3,30,bicubic,"/home/roybatti/ray_results/train_2023-03-23_20-47-42/train_80b8c766_25_adam_beta=0.9529,batch_size=128,beta=1,checkpoint_dir=home_roybatti_Desktop_tiktoks_tiktoksteg_checkpoints,data__2023-03-25_06-15-57"
23,361.5658745765686,True,True,,,3,33fb7dfc,22d6a64171a5436b8d5c5a84d665db7e,2023-03-25_07-53-08,1679745188,1084.9244139194489,1686963,Roybatti,128.186.93.54,1084.9244139194489,0,3,0.0022225379943847,0.0006442876178986,0.0004927753656463,0.0011370629857805,0.0006017807806382,0.000493251458845,0.0010950322395897,10320908,0.0176844227761466,0.9788678343009571,128,1,/home/roybatti/Desktop/tiktoks/tiktoksteg/checkpoints,/home/roybatti/Desktop/tiktoks/tiktoksteg/data,0.11969036915542447,64,0.0004353852827077414,512,5,5,30,nearest,"/home/roybatti/ray_results/train_2023-03-23_20-47-42/train_33fb7dfc_26_adam_beta=0.9789,batch_size=128,beta=1,checkpoint_dir=home_roybatti_Desktop_tiktoks_tiktoksteg_checkpoints,data__2023-03-25_07-35-03"
24,414.2428824901581,True,True,,,3,5729e1d1,22d6a64171a5436b8d5c5a84d665db7e,2023-03-25_08-13-50,1679746430,1242.252109527588,1686963,Roybatti,128.186.93.54,1242.252109527588,0,3,0.0022225379943847,0.0016941743758486,0.0014664870947237,0.003160661467911,0.001614295879113,0.0015166394394634,0.0031309353096346,5586956,0.0486420392480293,0.9831977951855299,128,1,/home/roybatti/Desktop/tiktoks/tiktoksteg/checkpoints,/home/roybatti/Desktop/tiktoks/tiktoksteg/data,0.6602989051971224,64,0.0007936271397357397,512,4,6,30,bilinear,"/home/roybatti/ray_results/train_2023-03-23_20-47-42/train_5729e1d1_27_adam_beta=0.9832,batch_size=128,beta=1,checkpoint_dir=home_roybatti_Desktop_tiktoks_tiktoksteg_checkpoints,data__2023-03-25_07-53-08"
25,1395.1180939674375,True,True,,,3,379ab811,22d6a64171a5436b8d5c5a84d665db7e,2023-03-25_09-21-47,1679750507,4077.374281644821,1686963,Roybatti,128.186.93.54,4077.374281644821,0,3,0.0022225379943847,0.0008253418279598,0.0004520363463795,0.0012773781785974,0.0008049775506836,0.0004473464899442,0.0012523240430761,1442828,0.0177606043908116,0.9789340666422379,128,1,/home/roybatti/Desktop/tiktoks/tiktoksteg/checkpoints,/home/roybatti/Desktop/tiktoks/tiktoksteg/data,0.10902198322939474,64,8.163264735775108e-05,256,3,5,30,bicubic,"/home/roybatti/ray_results/train_2023-03-23_20-47-42/train_379ab811_28_adam_beta=0.9789,batch_size=128,beta=1,checkpoint_dir=home_roybatti_Desktop_tiktoks_tiktoksteg_checkpoints,data__2023-03-25_08-13-50"
26,162.62414050102234,True,True,,,3,0ac6d436,22d6a64171a5436b8d5c5a84d665db7e,2023-03-25_09-29-56,1679750996,488.74420380592346,1686963,Roybatti,128.186.93.54,488.74420380592346,0,3,0.0022225379943847,0.0005662262296017,0.0004438991791853,0.0010101254122468,0.0005346662959417,0.0004500443589954,0.0009847106619628,1398284,0.0139344006315101,0.9743692905211827,128,1,/home/roybatti/Desktop/tiktoks/tiktoksteg/checkpoints,/home/roybatti/Desktop/tiktoks/tiktoksteg/data,0.10505048881278621,16,0.0005051233666733088,256,5,7,30,nearest,"/home/roybatti/ray_results/train_2023-03-23_20-47-42/train_0ac6d436_29_adam_beta=0.9744,batch_size=128,beta=1,checkpoint_dir=home_roybatti_Desktop_tiktoks_tiktoksteg_checkpoints,data__2023-03-25_09-21-47"
27,357.40246081352234,True,True,,,3,c9b2a0a1,22d6a64171a5436b8d5c5a84d665db7e,2023-03-25_09-47-48,1679752068,1071.6774144172668,1686963,Roybatti,128.186.93.54,1071.6774144172668,0,3,0.0022225379943847,0.0005446899019619,0.000536452919662,0.0010811428226885,0.0005367164535079,0.0005634373526754,0.0011001538016061,5586956,0.0170919291216009,0.9889145303473661,128,1,/home/roybatti/Desktop/tiktoks/tiktoksteg/checkpoints,/home/roybatti/Desktop/tiktoks/tiktoksteg/data,0.13034378725227333,64,0.002737483936196416,512,4,5,30,nearest,"/home/roybatti/ray_results/train_2023-03-23_20-47-42/train_c9b2a0a1_30_adam_beta=0.9889,batch_size=128,beta=1,checkpoint_dir=home_roybatti_Desktop_tiktoks_tiktoksteg_checkpoints,data__2023-03-25_09-29-56"
28,2453.0838000774384,True,True,,,3,627aeb58,22d6a64171a5436b8d5c5a84d665db7e,2023-03-25_11-47-58,1679759278,7210.117173910141,1686963,Roybatti,128.186.93.54,7210.117173910141,0,3,0.0022225379943847,0.0013923660819147,0.0012194008949799,0.0026117669778528,0.0013484121917152,0.0012592505738147,0.0026076627693621,1398284,0.0369004004361391,0.973207598824439,128,1,/home/roybatti/Desktop/tiktoks/tiktoksteg/checkpoints,/home/roybatti/Desktop/tiktoks/tiktoksteg/data,0.4104352337649067,16,0.0008153726020864803,256,5,7,30,bicubic,"/home/roybatti/ray_results/train_2023-03-23_20-47-42/train_627aeb58_31_adam_beta=0.9732,batch_size=128,beta=1,checkpoint_dir=home_roybatti_Desktop_tiktoks_tiktoksteg_checkpoints,data__2023-03-25_09-47-48"
29,162.82550024986267,True,True,,,3,2fd8e1f0,22d6a64171a5436b8d5c5a84d665db7e,2023-03-25_11-56-07,1679759767,489.1955270767212,1686963,Roybatti,128.186.93.54,489.1955270767212,0,3,0.0022225379943847,0.0007232636931854,0.0004311040972092,0.0011543677985915,0.0006982103849832,0.0004283651893287,0.0011265755848504,1398284,0.015941896586854,0.986644607013249,128,1,/home/roybatti/Desktop/tiktoks/tiktoksteg/checkpoints,/home/roybatti/Desktop/tiktoks/tiktoksteg/data,0.10111686821249981,16,0.00014874947056433532,256,5,7,30,nearest,"/home/roybatti/ray_results/train_2023-03-23_20-47-42/train_2fd8e1f0_32_adam_beta=0.9866,batch_size=128,beta=1,checkpoint_dir=home_roybatti_Desktop_tiktoks_tiktoksteg_checkpoints,data__2023-03-25_11-47-58"
30,160.70754647254944,True,True,,,2,53f42836,22d6a64171a5436b8d5c5a84d665db7e,2023-03-25_12-01-29,1679760089,322.2661859989166,1686963,Roybatti,128.186.93.54,322.2661859989166,0,2,0.0022225379943847,0.0011180664084671,0.0010956167404562,0.0022136831517976,0.0010990328019735,0.0022263988445439,0.0033254316524786,358412,0.0425304034113411,0.9751119291637667,128,1,/home/roybatti/Desktop/tiktoks/tiktoksteg/checkpoints,/home/roybatti/Desktop/tiktoks/tiktoksteg/data,0.3334994756920708,16,0.004028401048929244,256,4,6,30,nearest,"/home/roybatti/ray_results/train_2023-03-23_20-47-42/train_53f42836_33_adam_beta=0.9751,batch_size=128,beta=1,checkpoint_dir=home_roybatti_Desktop_tiktoks_tiktoksteg_checkpoints,data__2023-03-25_11-56-07"
31,165.59066915512085,True,True,,,3,3b4dc26e,22d6a64171a5436b8d5c5a84d665db7e,2023-03-25_12-09-46,1679760586,496.0986762046814,1686963,Roybatti,128.186.93.54,496.0986762046814,0,3,0.0022225379943847,0.0013957026239326,0.0007501937244058,0.002145896358611,0.0013795787333788,0.0007429648365738,0.0021225435801718,96524,0.0243615936183363,0.9908498573273182,128,1,/home/roybatti/Desktop/tiktoks/tiktoksteg/checkpoints,/home/roybatti/Desktop/tiktoks/tiktoksteg/data,0.18929455363170866,16,4.671883306064834e-05,256,3,7,30,bilinear,"/home/roybatti/ray_results/train_2023-03-23_20-47-42/train_3b4dc26e_34_adam_beta=0.9908,batch_size=128,beta=1,checkpoint_dir=home_roybatti_Desktop_tiktoks_tiktoksteg_checkpoints,data__2023-03-25_12-01-29"
32,8358.220929384232,True,True,,,2,c9c919d0,22d6a64171a5436b8d5c5a84d665db7e,2023-03-25_16-51-32,1679777492,16906.407940387726,1686963,Roybatti,128.186.93.54,16906.407940387726,0,2,0.0022225379943847,0.0022160275537876,0.0015469719555347,0.0037629995231612,0.0020106504754838,0.0015548506149367,0.0035655010959559,14233612,0.0587277848871859,0.9820251190579062,128,1,/home/roybatti/Desktop/tiktoks/tiktoksteg/checkpoints,/home/roybatti/Desktop/tiktoks/tiktoksteg/data,0.7668590314970406,16,0.0005657340678186596,4096,7,6,30,bicubic,"/home/roybatti/ray_results/train_2023-03-23_20-47-42/train_c9c919d0_35_adam_beta=0.9820,batch_size=128,beta=1,checkpoint_dir=home_roybatti_Desktop_tiktoks_tiktoksteg_checkpoints,data__2023-03-25_12-09-46"
33,163.18536233901978,True,True,,,3,f1ec13a0,22d6a64171a5436b8d5c5a84d665db7e,2023-03-25_16-59-41,1679777981,489.285055398941,1686963,Roybatti,128.186.93.54,489.285055398941,0,3,0.0022225379943847,0.0010170491606823,0.0006349411425926,0.0016519903058298,0.0009795252692751,0.0006302279857808,0.0016097532603785,1398284,0.0227792261366212,0.9941453524652634,128,1,/home/roybatti/Desktop/tiktoks/tiktoksteg/checkpoints,/home/roybatti/Desktop/tiktoks/tiktoksteg/data,0.1597167190405933,16,0.0001966337295301897,256,5,7,30,nearest,"/home/roybatti/ray_results/train_2023-03-23_20-47-42/train_f1ec13a0_36_adam_beta=0.9941,batch_size=128,beta=1,checkpoint_dir=home_roybatti_Desktop_tiktoks_tiktoksteg_checkpoints,data__2023-03-25_16-51-32"
34,754.5131080150604,True,True,,,3,8295a0ce,22d6a64171a5436b8d5c5a84d665db7e,2023-03-25_17-36-40,1679780200,2218.674784183502,1686963,Roybatti,128.186.93.54,2218.674784183502,0,3,0.0022225379943847,0.0013184635719923,0.001247815994735,0.0025662795643854,0.001293072228531,0.0012550561822221,0.0025481284116047,369164,0.0326644486006082,0.9845045691919585,128,1,/home/roybatti/Desktop/tiktoks/tiktoksteg/checkpoints,/home/roybatti/Desktop/tiktoks/tiktoksteg/data,0.4274992938466635,32,0.0013509673761885068,2048,3,6,30,bicubic,"/home/roybatti/ray_results/train_2023-03-23_20-47-42/train_8295a0ce_37_adam_beta=0.9845,batch_size=128,beta=1,checkpoint_dir=home_roybatti_Desktop_tiktoks_tiktoksteg_checkpoints,data__2023-03-25_16-59-41"
35,167.3008313179016,True,True,,,1,4445aaff,22d6a64171a5436b8d5c5a84d665db7e,2023-03-25_17-39-27,1679780367,167.3008313179016,1686963,Roybatti,128.186.93.54,167.3008313179016,0,1,0.0022225379943847,0.0024496380722485,0.0022671141597965,0.0047167522416257,0.0022117656790054,0.0027383883563651,0.0049501540383511,12279820,0.0808036801619157,0.9566206747519909,64,1,/home/roybatti/Desktop/tiktoks/tiktoksteg/checkpoints,/home/roybatti/Desktop/tiktoks/tiktoksteg/data,0.3334421698244252,16,0.004972811295268844,1024,7,5,30,nearest,"/home/roybatti/ray_results/train_2023-03-23_20-47-42/train_4445aaff_38_adam_beta=0.9566,batch_size=64,beta=1,checkpoint_dir=home_roybatti_Desktop_tiktoks_tiktoksteg_checkpoints,data_d_2023-03-25_17-36-40"
36,257.37344312667847,True,True,,,3,a95ef594,22d6a64171a5436b8d5c5a84d665db7e,2023-03-25_17-52-19,1679781139,771.8768773078918,1686963,Roybatti,128.186.93.54,771.8768773078918,0,3,0.0022225379943847,0.0008313246348114,0.0008177420276904,0.0016490666614905,0.0008177929751064,0.0008908150521111,0.0017086080253015,1858572,0.0246643019063756,0.964845150228978,128,1,/home/roybatti/Desktop/tiktoks/tiktoksteg/checkpoints,/home/roybatti/Desktop/tiktoks/tiktoksteg/data,0.22117746077902067,32,0.002776032468511711,256,6,4,30,bilinear,"/home/roybatti/ray_results/train_2023-03-23_20-47-42/train_a95ef594_39_adam_beta=0.9648,batch_size=128,beta=1,checkpoint_dir=home_roybatti_Desktop_tiktoks_tiktoksteg_checkpoints,data__2023-03-25_17-39-27"
37,2628.0360057353973,True,True,,,2,19758433,623fd41810054a489d5623bf38ff106b,2023-03-25_19-19-29,1679786369,5226.264605998993,2826547,Roybatti,128.186.93.54,5226.264605998993,0,2,0.0025811195373535,0.0023126415931756,0.0012762301754361,0.0035888717784585,0.0022444791354367,0.0012415038099848,0.0034859829585148,1398284,0.0493292954112382,0.9763849675849284,64,1,/home/roybatti/Desktop/tiktoks/tiktoksteg/checkpoints,/home/roybatti/Desktop/tiktoks/tiktoksteg/data,0.15584202079166426,16,5.266447532965e-05,2048,5,7,30,bicubic,"/home/roybatti/ray_results/train_2023-03-23_20-47-42/train_19758433_41_adam_beta=0.9764,batch_size=64,beta=1,checkpoint_dir=home_roybatti_Desktop_tiktoks_tiktoksteg_checkpoints,data_d_2023-03-25_17-52-21"
38,218.08681988716123,True,True,,,3,4be2d8b0,8fbf964e83a94537b1523da2e0a78f32,2023-03-25_19-30-29,1679787029,655.9565322399139,2913215,Roybatti,128.186.93.54,655.9565322399139,0,3,0.0026390552520751,0.0009829849589167,0.0008897189770528,0.0018727039382583,0.000945778383294,0.0009363121381298,0.0018820905258947,3783692,0.028506539869632,0.9692492314528933,128,1,/home/roybatti/Desktop/tiktoks/tiktoksteg/checkpoints,/home/roybatti/Desktop/tiktoks/tiktoksteg/data,0.2500332318901384,32,0.000940748509658319,256,6,6,30,nearest,"/home/roybatti/ray_results/train_2023-03-23_20-47-42/train_4be2d8b0_43_adam_beta=0.9692,batch_size=128,beta=1,checkpoint_dir=home_roybatti_Desktop_tiktoks_tiktoksteg_checkpoints,data__2023-03-25_19-19-31"
39,18895.980226278305,True,True,,,1,44e2e9c2,1a92cf4b231a40a4ac33b0489680531e,2023-03-26_00-45-29,1679805929,18895.980226278305,2930450,Roybatti,128.186.93.54,18895.980226278305,0,1,0.0025429725646972,0.0041631268185408,0.004094713293777,0.0082578401304148,0.0040109655654305,0.007598321741803,0.0116092873387424,34440204,0.2014761071700983,0.9466893517465692,32,1,/home/roybatti/Desktop/tiktoks/tiktoksteg/checkpoints,/home/roybatti/Desktop/tiktoks/tiktoksteg/data,0.2889340118560326,128,0.009998726780035166,1024,7,4,30,bicubic,"/home/roybatti/ray_results/train_2023-03-23_20-47-42/train_44e2e9c2_45_adam_beta=0.9467,batch_size=32,beta=1,checkpoint_dir=home_roybatti_Desktop_tiktoks_tiktoksteg_checkpoints,data_d_2023-03-25_19-30-31"
40,353.2810845375061,True,True,,,2,b90aa1c4,70f7324cd11341b3bc47b6b2b521923f,2023-03-26_00-57-21,1679806641,708.6989941596985,3237636,Roybatti,128.186.93.54,708.6989941596985,0,2,0.0024411678314208,0.0014973268982708,0.0013917766608311,0.0028891035572922,0.0014428908284466,0.0014841323259633,0.0029270231642032,3817484,0.044359334975277,0.972608758729297,128,1,/home/roybatti/Desktop/tiktoks/tiktoksteg/checkpoints,/home/roybatti/Desktop/tiktoks/tiktoksteg/data,0.542283189343155,64,0.0020949465194195238,256,5,5,30,nearest,"/home/roybatti/ray_results/train_2023-03-23_20-47-42/train_b90aa1c4_47_adam_beta=0.9726,batch_size=128,beta=1,checkpoint_dir=home_roybatti_Desktop_tiktoks_tiktoksteg_checkpoints,data__2023-03-26_00-45-31"
41,219.1504261493683,True,True,,,1,d6cbb3d5,292c53742d844bb7bea1cf1a026c90d3,2023-03-26_01-01-04,1679806864,219.1504261493683,3255173,Roybatti,128.186.93.54,219.1504261493683,0,1,0.0022454261779785,0.0089523971186167,0.0057800415050116,0.0147324386560962,0.0068805397805714,0.0056844603015666,0.0125650000902281,5542412,0.1951085718112909,0.9301022245964752,32,1,/home/roybatti/Desktop/tiktoks/tiktoksteg/checkpoints,/home/roybatti/Desktop/tiktoks/tiktoksteg/data,0.5330744440998265,16,0.0003220905239626705,4096,6,6,30,bilinear,"/home/roybatti/ray_results/train_2023-03-23_20-47-42/train_d6cbb3d5_49_adam_beta=0.9301,batch_size=32,beta=1,checkpoint_dir=home_roybatti_Desktop_tiktoks_tiktoksteg_checkpoints,data_d_2023-03-26_00-57-23"
42,729.6941816806793,True,True,,,1,18c48bb9,877a71d78aab40bc8dc5b2196227ded9,2023-03-26_01-13-18,1679807598,729.6941816806793,3261334,Roybatti,128.186.93.54,729.6941816806793,0,1,0.0025811195373535,0.0045181241618307,0.0031321296911483,0.0076502538737373,0.0045151552991235,0.0023285134830979,0.006843668797763,402956,0.088328376993744,0.9640297224877463,64,1,/home/roybatti/Desktop/tiktoks/tiktoksteg/checkpoints,/home/roybatti/Desktop/tiktoks/tiktoksteg/data,0.3145500471419568,64,5.417640576698909e-06,2048,2,4,30,bicubic,"/home/roybatti/ray_results/train_2023-03-23_20-47-42/train_18c48bb9_51_adam_beta=0.9640,batch_size=64,beta=1,checkpoint_dir=home_roybatti_Desktop_tiktoks_tiktoksteg_checkpoints,data_d_2023-03-26_01-01-06"
43,602.1897413730621,True,True,,,1,6fbfb297,e0b79146333d4d21ae588149dfbac703,2023-03-26_01-23-23,1679808203,602.1897413730621,3276324,Roybatti,128.186.93.54,602.1897413730621,0,1,0.0027022361755371,0.0291793164449694,0.0168606861350105,0.0460400026936176,0.0279411086091955,0.0126781830708273,0.0406192917892395,519692,0.5345901583359748,0.9806414017867771,16,1,/home/roybatti/Desktop/tiktoks/tiktoksteg/checkpoints,/home/roybatti/Desktop/tiktoks/tiktoksteg/data,0.7965377460012459,128,1.2640358979113848e-06,256,1,3,30,nearest,"/home/roybatti/ray_results/train_2023-03-23_20-47-42/train_6fbfb297_53_adam_beta=0.9806,batch_size=16,beta=1,checkpoint_dir=home_roybatti_Desktop_tiktoks_tiktoksteg_checkpoints,data_d_2023-03-26_01-13-19"
44,1729.5877826213837,True,True,,,1,31931134,3adcd9fe31354640a105080d8213bfb6,2023-03-26_01-52-17,1679809937,1729.5877826213837,3290692,Roybatti,128.186.93.54,1729.5877826213837,0,1,0.0033516883850097,0.0037980892729152,0.0027509754210399,0.0065490647015664,0.0030126859786188,0.0027313246861686,0.0057440106630843,1409036,0.0813260944327355,0.9595124263834014,32,1,/home/roybatti/Desktop/tiktoks/tiktoksteg/checkpoints,/home/roybatti/Desktop/tiktoks/tiktoksteg/data,0.17252426768024645,32,0.0005812653216787268,4096,4,7,30,bicubic,"/home/roybatti/ray_results/train_2023-03-23_20-47-42/train_31931134_55_adam_beta=0.9595,batch_size=32,beta=1,checkpoint_dir=home_roybatti_Desktop_tiktoks_tiktoksteg_checkpoints,data_d_2023-03-26_01-23-25"
45,6551.993153333664,True,True,,,2,96b2a672,a56a54c83c0c4f61ab70fbac0218a14f,2023-03-26_05-32-30,1679823150,13210.253229379654,3321961,Roybatti,128.186.93.54,13210.253229379654,0,2,0.0044357776641845,0.0033127355333276,0.0015162198173989,0.0048289553734009,0.0032973122509537,0.001517466415588,0.0048147786878315,5213964,0.0744694644132344,0.9858334208475467,128,1,/home/roybatti/Desktop/tiktoks/tiktoksteg/checkpoints,/home/roybatti/Desktop/tiktoks/tiktoksteg/data,0.695786865315114,64,3.2194886402677824e-05,256,7,6,30,bicubic,"/home/roybatti/ray_results/train_2023-03-23_20-47-42/train_96b2a672_57_adam_beta=0.9858,batch_size=128,beta=1,checkpoint_dir=home_roybatti_Desktop_tiktoks_tiktoksteg_checkpoints,data__2023-03-26_01-52-18"
46,270.026832818985,True,True,,,1,27a2afab,c2d9634b84984d0ea3ff6221d11cd497,2023-03-26_05-37-04,1679823424,270.026832818985,3537282,Roybatti,128.186.93.54,270.026832818985,0,1,0.0024731159210205,0.0206511808183256,0.013682699992993,0.0343338808922754,0.0204102170475552,0.0104998643559542,0.0309100815091068,484140,0.4046169667209388,0.9936303122104453,16,1,/home/roybatti/Desktop/tiktoks/tiktoksteg/checkpoints,/home/roybatti/Desktop/tiktoks/tiktoksteg/data,0.40389413865803936,16,8.778750459416828e-06,128,6,2,30,nearest,"/home/roybatti/ray_results/train_2023-03-23_20-47-42/train_27a2afab_59_adam_beta=0.9936,batch_size=16,beta=1,checkpoint_dir=home_roybatti_Desktop_tiktoks_tiktoksteg_checkpoints,data_d_2023-03-26_05-32-33"
47,768.033360004425,True,True,,,2,0bd02a47,b49bd9d488a84b56ae30fac812ff566a,2023-03-26_06-02-46,1679824966,1537.2369861602783,3544502,Roybatti,128.186.93.54,1537.2369861602783,0,2,0.0026512145996093,0.0017478372910194,0.001671598903789,0.0034194361976826,0.0016935430032816,0.0016670101988072,0.0033605532082629,22249484,0.0568532657839974,0.9898993223857483,64,1,/home/roybatti/Desktop/tiktoks/tiktoksteg/checkpoints,/home/roybatti/Desktop/tiktoks/tiktoksteg/data,0.2263393803020044,128,0.0011462852764524006,4096,4,4,30,bilinear,"/home/roybatti/ray_results/train_2023-03-23_20-47-42/train_0bd02a47_61_adam_beta=0.9899,batch_size=64,beta=1,checkpoint_dir=home_roybatti_Desktop_tiktoks_tiktoksteg_checkpoints,data_d_2023-03-26_05-37-07"
48,3633.7805523872375,True,True,,,2,e03f6918,85ee15451680430f9c191908f1bfaf6c,2023-03-26_08-05-38,1679832338,7368.894856214523,3573106,Roybatti,128.186.93.54,7368.894856214523,0,2,0.0024473667144775,0.0017176750080255,0.0015351101697547,0.0032527851745867,0.0016282557068395,0.0015651213922988,0.0031933770953062,1989132,0.046314215175618,0.9441499545558348,128,1,/home/roybatti/Desktop/tiktoks/tiktoksteg/checkpoints,/home/roybatti/Desktop/tiktoks/tiktoksteg/data,0.8545116290495046,64,0.0017548742131415984,256,5,3,30,bicubic,"/home/roybatti/ray_results/train_2023-03-23_20-47-42/train_e03f6918_63_adam_beta=0.9441,batch_size=128,beta=1,checkpoint_dir=home_roybatti_Desktop_tiktoks_tiktoksteg_checkpoints,data__2023-03-26_06-02-48"
49,263.59983801841736,True,True,,,1,6ffe5c07,09f3f65ae193415d9957697a3bafa422,2023-03-26_08-10-06,1679832606,263.59983801841736,3696602,Roybatti,128.186.93.54,263.59983801841736,0,1,0.0025813579559326,0.006182961374072,0.0058694466619572,0.0120524080438534,0.0057080741145686,0.0138936824181145,0.0196017565967655,25964460,0.3346458781014438,0.9673767646974906,32,1,/home/roybatti/Desktop/tiktoks/tiktoksteg/checkpoints,/home/roybatti/Desktop/tiktoks/tiktoksteg/data,0.5886840823285093,32,0.0059903944368954794,1024,7,1,30,nearest,"/home/roybatti/ray_results/train_2023-03-23_20-47-42/train_6ffe5c07_65_adam_beta=0.9674,batch_size=32,beta=1,checkpoint_dir=home_roybatti_Desktop_tiktoks_tiktoksteg_checkpoints,data_d_2023-03-26_08-05-41"
50,1017.9580492973328,True,True,,,1,7fb069d7,439ca39365b54fd6883593215ad28d9f,2023-03-26_08-27-07,1679833627,1017.9580492973328,3703676,Roybatti,128.186.93.54,1017.9580492973328,0,1,0.0025999546051025,0.0110921554502665,0.0095913262133224,0.0206834816874342,0.0093767842943616,0.0092174303644993,0.0185942146720607,358412,0.2378095639194294,0.9986797174608247,16,1,/home/roybatti/Desktop/tiktoks/tiktoksteg/checkpoints,/home/roybatti/Desktop/tiktoks/tiktoksteg/data,0.35611407989747945,16,0.000576824532814279,256,4,7,30,bicubic,"/home/roybatti/ray_results/train_2023-03-23_20-47-42/train_7fb069d7_67_adam_beta=0.9987,batch_size=16,beta=1,checkpoint_dir=home_roybatti_Desktop_tiktoks_tiktoksteg_checkpoints,data_d_2023-03-26_08-10-08"
51,421.7209622859955,True,True,,,3,053fd7af,189ce2abf72e445b81340ffc472e7c1d,2023-03-26_08-48-15,1679834895,1264.481253862381,3727007,Roybatti,128.186.93.54,1264.481253862381,0,3,0.0026233196258544,0.0009879956129155,0.0005552291894867,0.0015432248028546,0.0009702778707583,0.0005574515361902,0.0015277294072679,1354636,0.021570077715332,0.9573056458726538,128,1,/home/roybatti/Desktop/tiktoks/tiktoksteg/checkpoints,/home/roybatti/Desktop/tiktoks/tiktoksteg/data,0.13914987615589963,64,0.00010985742770288609,128,6,5,30,nearest,"/home/roybatti/ray_results/train_2023-03-23_20-47-42/train_053fd7af_69_adam_beta=0.9573,batch_size=128,beta=1,checkpoint_dir=home_roybatti_Desktop_tiktoks_tiktoksteg_checkpoints,data__2023-03-26_08-27-09"
52,636.6769208908081,True,True,,,1,e9634843,3b4b5c9d232343eca14fe203e335aedd,2023-03-26_08-58-55,1679835535,636.6769208908081,3757150,Roybatti,128.186.93.54,636.6769208908081,0,1,0.002596378326416,0.0048338818859246,0.0026265177509562,0.0074603996546051,0.0042114366777986,0.0025974015025823,0.0068088381918774,519692,0.0896110622993199,0.9617218160702914,64,1,/home/roybatti/Desktop/tiktoks/tiktoksteg/checkpoints,/home/roybatti/Desktop/tiktoks/tiktoksteg/data,0.45808945878221036,128,0.0002525545207502787,1024,1,6,30,bilinear,"/home/roybatti/ray_results/train_2023-03-23_20-47-42/train_e9634843_71_adam_beta=0.9617,batch_size=64,beta=1,checkpoint_dir=home_roybatti_Desktop_tiktoks_tiktoksteg_checkpoints,data_d_2023-03-26_08-48-17"
53,1533.0583004951477,True,True,,,3,464946c9,450768e1cf914273a304248a496959bb,2023-03-26_10-15-23,1679840123,4584.683855056763,3771415,Roybatti,128.186.93.54,4584.683855056763,0,3,0.0026295185089111,0.0017659879540661,0.0008760843035842,0.002642072268402,0.0017690693109917,0.0008703434967796,0.0026394128194807,1442828,0.0374324578131438,0.973979791571804,128,1,/home/roybatti/Desktop/tiktoks/tiktoksteg/checkpoints,/home/roybatti/Desktop/tiktoks/tiktoksteg/data,0.23780982297856507,64,1.1534069156709644e-05,512,3,4,30,bicubic,"/home/roybatti/ray_results/train_2023-03-23_20-47-42/train_464946c9_73_adam_beta=0.9740,batch_size=128,beta=1,checkpoint_dir=home_roybatti_Desktop_tiktoks_tiktoksteg_checkpoints,data__2023-03-26_08-58-57"
54,237.18677639961243,True,True,,,1,7ba9f1ea,973f610b56974e71a4bead3ccb4d1803,2023-03-26_10-19-24,1679840364,237.18677639961243,3850647,Roybatti,128.186.93.54,237.18677639961243,0,1,0.0026211738586425,0.0134515097573163,0.0073224863767462,0.020773996203895,0.0120671361340755,0.0063544049501803,0.0184215411683507,30092,0.1899632021213948,0.951927700753384,32,1,/home/roybatti/Desktop/tiktoks/tiktoksteg/checkpoints,/home/roybatti/Desktop/tiktoks/tiktoksteg/data,0.9059219097234175,16,5.773824367705903e-05,256,2,5,30,nearest,"/home/roybatti/ray_results/train_2023-03-23_20-47-42/train_7ba9f1ea_75_adam_beta=0.9519,batch_size=32,beta=1,checkpoint_dir=home_roybatti_Desktop_tiktoks_tiktoksteg_checkpoints,data_d_2023-03-26_10-15-25"
55,4355.90446138382,True,True,,,1,7ef7bc99,5fe54cb7723842bcb3918cfa5a05b2fa,2023-03-26_11-32-04,1679844724,4355.90446138382,3856863,Roybatti,128.186.93.54,4355.90446138382,0,1,0.00248384475708,0.016139227573687,0.0085229265662598,0.0246621542091939,0.0153569817936465,0.0080171430243737,0.0233741249058407,2018188,0.3393387817784863,0.9710910107582899,16,1,/home/roybatti/Desktop/tiktoks/tiktoksteg/checkpoints,/home/roybatti/Desktop/tiktoks/tiktoksteg/data,0.2980968188963565,64,2.4539089887466502e-05,256,5,2,30,bicubic,"/home/roybatti/ray_results/train_2023-03-23_20-47-42/train_7ef7bc99_77_adam_beta=0.9711,batch_size=16,beta=1,checkpoint_dir=home_roybatti_Desktop_tiktoks_tiktoksteg_checkpoints,data_d_2023-03-26_10-19-26"
56,289.90943479537964,True,True,,,3,64eef319,8352327bd11347bb8e8ab5b56cc250ad,2023-03-26_11-46-42,1679845602,873.9780349731445,3928458,Roybatti,128.186.93.54,873.9780349731445,0,3,0.0023932456970214,0.0005702951010718,0.0004226943273068,0.0009929894323705,0.0005484522805844,0.0004213654748811,0.0009698177575945,22098956,0.0164006277890101,0.9807046658127,128,1,/home/roybatti/Desktop/tiktoks/tiktoksteg/checkpoints,/home/roybatti/Desktop/tiktoks/tiktoksteg/data,0.1001369214596374,32,0.00038932595589705334,4096,6,7,30,nearest,"/home/roybatti/ray_results/train_2023-03-23_20-47-42/train_64eef319_79_adam_beta=0.9807,batch_size=128,beta=1,checkpoint_dir=home_roybatti_Desktop_tiktoks_tiktoksteg_checkpoints,data__2023-03-26_11-32-06"
57,234.01417899131772,True,True,,,2,8d7d2d30,64882ee52fc8403f95369c07960a73da,2023-03-26_11-54-35,1679846075,469.3630180358887,3950402,Roybatti,128.186.93.54,469.3630180358887,0,2,0.0026500225067138,0.0024929471758923,0.0013848444246525,0.0038777916118287,0.0023672373850204,0.0013551941970298,0.0037224315901404,66460,0.0413352038573514,0.9914447268147906,128,1,/home/roybatti/Desktop/tiktoks/tiktoksteg/checkpoints,/home/roybatti/Desktop/tiktoks/tiktoksteg/data,0.4908831126504264,16,0.0001680324405176678,512,3,1,30,bilinear,"/home/roybatti/ray_results/train_2023-03-23_20-47-42/train_8d7d2d30_81_adam_beta=0.9914,batch_size=128,beta=1,checkpoint_dir=home_roybatti_Desktop_tiktoks_tiktoksteg_checkpoints,data__2023-03-26_11-46-44"
58,2340.6079099178314,True,True,,,3,14d907d7,811b7818fb874d0dbaec8cdb3806aeae,2023-03-26_13-50-34,1679853034,6955.429825544357,3962724,Roybatti,128.186.93.54,6955.429825544357,0,3,0.0024929046630859,0.0012946499022718,0.0012678632466115,0.0025625131512253,0.0012927475317346,0.0013542513038713,0.0026469988381607,940556,0.0364074214825736,0.9665928660853949,128,1,/home/roybatti/Desktop/tiktoks/tiktoksteg/checkpoints,/home/roybatti/Desktop/tiktoks/tiktoksteg/data,0.4411449548104122,64,0.002133481158834892,128,5,3,30,bicubic,"/home/roybatti/ray_results/train_2023-03-23_20-47-42/train_14d907d7_83_adam_beta=0.9666,batch_size=128,beta=1,checkpoint_dir=home_roybatti_Desktop_tiktoks_tiktoksteg_checkpoints,data__2023-03-26_11-54-37"
59,771.3425269126892,True,True,,,1,6803fd73,d591867085704d0fb2355825abedef1b,2023-03-26_14-03-30,1679853810,771.3425269126892,4079863,Roybatti,128.186.93.54,771.3425269126892,0,1,0.0024571418762207,0.004573156213906,0.0023533280505603,0.00692648428251,0.0041809437575272,0.0023126142896377,0.0064935580667515,101054476,0.1196838745535513,0.996237002612322,64,1,/home/roybatti/Desktop/tiktoks/tiktoksteg/checkpoints,/home/roybatti/Desktop/tiktoks/tiktoksteg/data,0.3706202930840472,128,0.0001381003055449228,2048,6,5,30,nearest,"/home/roybatti/ray_results/train_2023-03-23_20-47-42/train_6803fd73_85_adam_beta=0.9962,batch_size=64,beta=1,checkpoint_dir=home_roybatti_Desktop_tiktoks_tiktoksteg_checkpoints,data_d_2023-03-26_13-50-37"
60,1994.8545758724213,True,True,,,3,01a584c6,8d2aaddb0719413f83f01974da7f085c,2023-03-26_15-46-17,1679859977,6163.144204854965,4094924,Roybatti,128.186.93.54,6163.144204854965,0,3,0.0026965141296386,0.0009462019274521,0.000952716858038,0.001898918789695,0.0009455576135384,0.0011824204758148,0.0021279781042562,1398284,0.0301124996257079,0.9882536304483307,128,1,/home/roybatti/Desktop/tiktoks/tiktoksteg/checkpoints,/home/roybatti/Desktop/tiktoks/tiktoksteg/data,0.26754225457485714,16,0.008859072770061333,256,5,6,30,bicubic,"/home/roybatti/ray_results/train_2023-03-23_20-47-42/train_01a584c6_87_adam_beta=0.9883,batch_size=128,beta=1,checkpoint_dir=home_roybatti_Desktop_tiktoks_tiktoksteg_checkpoints,data__2023-03-26_14-03-32"
61,525.2308330535889,True,True,,,1,94d44ddb,e1b099e3be8149fa920c3cf9f225003c,2023-03-26_15-55-05,1679860505,525.2308330535889,5612,Roybatti,128.186.93.54,525.2308330535889,0,1,0.0026228427886962,0.0131084371035074,0.0111121587151352,0.0242205958489282,0.0110186256965625,0.0115539879388132,0.0225726136705039,4363788,0.3451093281152759,0.9365536241359884,16,1,/home/roybatti/Desktop/tiktoks/tiktoksteg/checkpoints,/home/roybatti/Desktop/tiktoks/tiktoksteg/data,0.5123858483654734,64,0.0007103656230658456,256,7,5,30,nearest,"/home/roybatti/ray_results/train_2023-03-23_20-47-42/train_94d44ddb_89_adam_beta=0.9366,batch_size=16,beta=1,checkpoint_dir=home_roybatti_Desktop_tiktoks_tiktoksteg_checkpoints,data_d_2023-03-26_15-46-18"
62,249.27526712417605,True,True,,,1,840ef96d,48bc3a4f40904974939d8450b45b34df,2023-03-26_15-59-18,1679860758,249.27526712417605,15652,Roybatti,128.186.93.54,249.27526712417605,0,1,0.0023770332336425,0.0105230851297694,0.0064546370926985,0.0169777222890004,0.0085753033823088,0.0061005350031577,0.0146758384301752,96524,0.1684426247753891,0.9773079708639251,32,1,/home/roybatti/Desktop/tiktoks/tiktoksteg/checkpoints,/home/roybatti/Desktop/tiktoks/tiktoksteg/data,0.6945104500656522,16,0.0002273268870632948,1024,3,6,30,bilinear,"/home/roybatti/ray_results/train_2023-03-23_20-47-42/train_840ef96d_91_adam_beta=0.9773,batch_size=32,beta=1,checkpoint_dir=home_roybatti_Desktop_tiktoks_tiktoksteg_checkpoints,data_d_2023-03-26_15-55-07"
63,1842.281014919281,True,True,,,2,77b4cfdc,26ef37e5f1ca4615ab52af987ce993c2,2023-03-26_17-01-15,1679864475,3713.276597261429,21110,Roybatti,128.186.93.54,3713.276597261429,0,2,0.0025193691253662,0.0026050034634197,0.0021082293251264,0.0047132327886526,0.0025930800585354,0.0018941743286804,0.0044872544008413,919948,0.0616193024248439,0.9838709388831622,128,1,/home/roybatti/Desktop/tiktoks/tiktoksteg/checkpoints,/home/roybatti/Desktop/tiktoks/tiktoksteg/data,0.39948928987435206,32,4.667939174682289e-06,512,4,3,30,bicubic,"/home/roybatti/ray_results/train_2023-03-23_20-47-42/train_77b4cfdc_93_adam_beta=0.9839,batch_size=128,beta=1,checkpoint_dir=home_roybatti_Desktop_tiktoks_tiktoksteg_checkpoints,data__2023-03-26_15-59-20"
64,232.12121081352237,True,True,,,3,d35a22db,45d8fb860e65444c864de8acadfb8435,2023-03-26_17-12-58,1679865178,698.86514544487,83235,Roybatti,128.186.93.54,698.86514544487,0,3,0.0025978088378906,0.0007031617796596,0.0004314142399218,0.001134576025942,0.000677222664899,0.0004308906307488,0.001108113297351,1398284,0.0156806412551825,0.9875012963909924,128,1,/home/roybatti/Desktop/tiktoks/tiktoksteg/checkpoints,/home/roybatti/Desktop/tiktoks/tiktoksteg/data,0.10108514599181796,16,0.0001608567050822299,256,5,7,30,nearest,"/home/roybatti/ray_results/train_2023-03-23_20-47-42/train_d35a22db_95_adam_beta=0.9875,batch_size=128,beta=1,checkpoint_dir=home_roybatti_Desktop_tiktoks_tiktoksteg_checkpoints,data__2023-03-26_17-01-18"
65,231.5644052028656,True,True,,,3,2251275a,45d8fb860e65444c864de8acadfb8435,2023-03-26_17-24-34,1679865874,696.0407521724701,83235,Roybatti,128.186.93.54,696.0407521724701,0,3,0.0025978088378906,0.001400143178591,0.0007544944302612,0.00215463762152,0.0013700085247682,0.0007502383907286,0.0021202469282708,1398284,0.0300030976382058,0.985484578926679,128,1,/home/roybatti/Desktop/tiktoks/tiktoksteg/checkpoints,/home/roybatti/Desktop/tiktoks/tiktoksteg/data,0.19648061197275193,16,6.745131272872218e-05,256,5,7,30,nearest,"/home/roybatti/ray_results/train_2023-03-23_20-47-42/train_2251275a_96_adam_beta=0.9855,batch_size=128,beta=1,checkpoint_dir=home_roybatti_Desktop_tiktoks_tiktoksteg_checkpoints,data__2023-03-26_17-12-58"
66,230.8252739906311,True,True,,,3,fc8ef7ea,45d8fb860e65444c864de8acadfb8435,2023-03-26_17-36-07,1679866567,692.9216830730438,83235,Roybatti,128.186.93.54,692.9216830730438,0,3,0.0025978088378906,0.0006104942574588,0.0004284423536054,0.0010389366148433,0.0005802996109599,0.0004359423345239,0.0010162419516579,358412,0.0129971638825666,0.9703221915440627,128,1,/home/roybatti/Desktop/tiktoks/tiktoksteg/checkpoints,/home/roybatti/Desktop/tiktoks/tiktoksteg/data,0.10088697408277313,16,0.0003190094735914937,256,4,7,30,nearest,"/home/roybatti/ray_results/train_2023-03-23_20-47-42/train_fc8ef7ea_97_adam_beta=0.9703,batch_size=128,beta=1,checkpoint_dir=home_roybatti_Desktop_tiktoks_tiktoksteg_checkpoints,data__2023-03-26_17-24-34"
67,231.3408133983612,True,True,,,3,d87a645a,45d8fb860e65444c864de8acadfb8435,2023-03-26_17-47-43,1679867263,695.2665646076202,83235,Roybatti,128.186.93.54,695.2665646076202,0,3,0.0025978088378906,0.0011106892902862,0.0006206773245976,0.0017313666198871,0.0010772219907285,0.0006146314895085,0.0016918534834305,1398284,0.0239410063875453,0.9803946512096057,128,1,/home/roybatti/Desktop/tiktoks/tiktoksteg/checkpoints,/home/roybatti/Desktop/tiktoks/tiktoksteg/data,0.15439635976985838,16,8.986674211321826e-05,256,5,7,30,nearest,"/home/roybatti/ray_results/train_2023-03-23_20-47-42/train_d87a645a_98_adam_beta=0.9804,batch_size=128,beta=1,checkpoint_dir=home_roybatti_Desktop_tiktoks_tiktoksteg_checkpoints,data__2023-03-26_17-36-07"
68,230.01676273345947,True,True,,,3,9c12db85,45d8fb860e65444c864de8acadfb8435,2023-03-26_17-59-15,1679867955,692.1536417007446,83235,Roybatti,128.186.93.54,692.1536417007446,0,3,0.0025978088378906,0.0008397504104484,0.0007740387408554,0.0016137891501328,0.0008165596836682,0.0008648086759921,0.0016813683590216,358412,0.0215037571254717,0.9752998525744985,128,1,/home/roybatti/Desktop/tiktoks/tiktoksteg/checkpoints,/home/roybatti/Desktop/tiktoks/tiktoksteg/data,0.20620207015885544,16,0.001128934363145949,256,4,6,30,nearest,"/home/roybatti/ray_results/train_2023-03-23_20-47-42/train_9c12db85_99_adam_beta=0.9753,batch_size=128,beta=1,checkpoint_dir=home_roybatti_Desktop_tiktoks_tiktoksteg_checkpoints,data__2023-03-26_17-47-43"
69,231.37757515907288,True,True,,,3,58bb0162,45d8fb860e65444c864de8acadfb8435,2023-03-26_18-10-49,1679868649,694.1900055408478,83235,Roybatti,128.186.93.54,694.1900055408478,0,3,0.0025978088378906,0.0006654687581368,0.000508173227423,0.0011736419888066,0.0006286183701919,0.0005127953054401,0.001141413679677,358412,0.0145980399927045,0.9693169856486208,128,1,/home/roybatti/Desktop/tiktoks/tiktoksteg/checkpoints,/home/roybatti/Desktop/tiktoks/tiktoksteg/data,0.12258573159358177,16,0.000428796428251782,2048,4,7,30,nearest,"/home/roybatti/ray_results/train_2023-03-23_20-47-42/train_58bb0162_100_adam_beta=0.9693,batch_size=128,beta=1,checkpoint_dir=home_roybatti_Desktop_tiktoks_tiktoksteg_checkpoints,data_2023-03-26_17-59-15"
70,229.3532612323761,True,True,,,3,947f8314,45d8fb860e65444c864de8acadfb8435,2023-03-26_18-22-17,1679869337,687.5877265930176,83235,Roybatti,128.186.93.54,687.5877265930176,0,3,0.0025978088378906,0.0009100147407618,0.0009015652820401,0.0018115800250375,0.0009072746622509,0.0013123591213222,0.0022196337952826,96524,0.0254759511217313,0.9551361074395537,128,1,/home/roybatti/Desktop/tiktoks/tiktoksteg/checkpoints,/home/roybatti/Desktop/tiktoks/tiktoksteg/data,0.2524612968796069,16,0.0035564320128165937,256,3,6,30,nearest,"/home/roybatti/ray_results/train_2023-03-23_20-47-42/train_947f8314_101_adam_beta=0.9551,batch_size=128,beta=1,checkpoint_dir=home_roybatti_Desktop_tiktoks_tiktoksteg_checkpoints,data_2023-03-26_18-10-49"
71,230.92680382728577,True,True,,,3,259c8b26,45d8fb860e65444c864de8acadfb8435,2023-03-26_18-33-50,1679870030,693.5134077072144,83235,Roybatti,128.186.93.54,693.5134077072144,0,3,0.0025978088378906,0.0009970643914887,0.0007011070650042,0.0016981714608575,0.0009358052435974,0.0006967322652439,0.0016325375079897,358412,0.0208792379621444,0.9697428879711218,128,1,/home/roybatti/Desktop/tiktoks/tiktoksteg/checkpoints,/home/roybatti/Desktop/tiktoks/tiktoksteg/data,0.18027026528303486,16,0.0003070270048835523,2048,4,7,30,nearest,"/home/roybatti/ray_results/train_2023-03-23_20-47-42/train_259c8b26_102_adam_beta=0.9697,batch_size=128,beta=1,checkpoint_dir=home_roybatti_Desktop_tiktoks_tiktoksteg_checkpoints,data_2023-03-26_18-22-17"
72,231.2983386516571,True,True,,,3,d8f41b50,45d8fb860e65444c864de8acadfb8435,2023-03-26_18-45-24,1679870724,693.9272201061249,83235,Roybatti,128.186.93.54,693.9272201061249,0,3,0.0025978088378906,0.0006900857941885,0.0005329262056462,0.0012230120005267,0.0006469196548089,0.0005326468457276,0.0011795665010688,358412,0.0150859931532711,0.9623631046192094,128,1,/home/roybatti/Desktop/tiktoks/tiktoksteg/checkpoints,/home/roybatti/Desktop/tiktoks/tiktoksteg/data,0.1293505144121924,16,0.0004374392346771135,2048,4,7,30,nearest,"/home/roybatti/ray_results/train_2023-03-23_20-47-42/train_d8f41b50_103_adam_beta=0.9624,batch_size=128,beta=1,checkpoint_dir=home_roybatti_Desktop_tiktoks_tiktoksteg_checkpoints,data_2023-03-26_18-33-50"
73,229.39430475234985,True,True,,,2,11e62290,45d8fb860e65444c864de8acadfb8435,2023-03-26_18-53-04,1679871184,459.49665999412537,83235,Roybatti,128.186.93.54,459.49665999412537,0,2,0.0025978088378906,0.0021837789571179,0.0012073445438717,0.0033911235124864,0.0021569598685442,0.0011433117172131,0.003300271588525,96524,0.0378790221415765,0.9714823198010651,128,1,/home/roybatti/Desktop/tiktoks/tiktoksteg/checkpoints,/home/roybatti/Desktop/tiktoks/tiktoksteg/data,0.32477264818796153,16,3.879357100763195e-05,2048,3,7,30,nearest,"/home/roybatti/ray_results/train_2023-03-23_20-47-42/train_11e62290_104_adam_beta=0.9715,batch_size=128,beta=1,checkpoint_dir=home_roybatti_Desktop_tiktoks_tiktoksteg_checkpoints,data_2023-03-26_18-45-24"
74,226.88312101364136,True,True,,,3,e312a6be,45d8fb860e65444c864de8acadfb8435,2023-03-26_19-04-24,1679871864,680.7061514854431,83235,Roybatti,128.186.93.54,680.7061514854431,0,3,0.0025978088378906,0.0007755352747574,0.0005930532009508,0.0013685884780501,0.0007390788152638,0.0006343785416624,0.0013734573588424,30092,0.014163112384492,0.9498167497089548,128,1,/home/roybatti/Desktop/tiktoks/tiktoksteg/checkpoints,/home/roybatti/Desktop/tiktoks/tiktoksteg/data,0.14747199375961134,16,0.0004450839247442916,2048,2,7,30,nearest,"/home/roybatti/ray_results/train_2023-03-23_20-47-42/train_e312a6be_105_adam_beta=0.9498,batch_size=128,beta=1,checkpoint_dir=home_roybatti_Desktop_tiktoks_tiktoksteg_checkpoints,data_2023-03-26_18-53-04"
75,231.1974322795868,True,True,,,2,a3dea28d,45d8fb860e65444c864de8acadfb8435,2023-03-26_19-12-07,1679872327,462.9146730899811,83235,Roybatti,128.186.93.54,462.9146730899811,0,2,0.0025978088378906,0.0018097970011421,0.0015624019630697,0.0033721989645312,0.0016864935166734,0.0016049967093227,0.0032914902247187,358412,0.0420963116103838,0.9654485415208862,128,1,/home/roybatti/Desktop/tiktoks/tiktoksteg/checkpoints,/home/roybatti/Desktop/tiktoks/tiktoksteg/data,0.9991919746073247,16,0.0013976772710488652,2048,4,6,30,nearest,"/home/roybatti/ray_results/train_2023-03-23_20-47-42/train_a3dea28d_106_adam_beta=0.9654,batch_size=128,beta=1,checkpoint_dir=home_roybatti_Desktop_tiktoks_tiktoksteg_checkpoints,data_2023-03-26_19-04-24"
76,214.90464329719543,True,True,,,2,213a3bdb,45d8fb860e65444c864de8acadfb8435,2023-03-26_19-19-18,1679872758,430.3827700614929,83235,Roybatti,128.186.93.54,430.3827700614929,0,2,0.0025978088378906,0.0019849121595603,0.0012073807600113,0.0031922929241224,0.0018791540918969,0.0011908232382063,0.0030699773323387,30092,0.0316576511792133,0.9490927517138301,64,1,/home/roybatti/Desktop/tiktoks/tiktoksteg/checkpoints,/home/roybatti/Desktop/tiktoks/tiktoksteg/data,0.147773012516461,16,0.00012487725302233417,2048,2,7,30,nearest,"/home/roybatti/ray_results/train_2023-03-23_20-47-42/train_213a3bdb_107_adam_beta=0.9491,batch_size=64,beta=1,checkpoint_dir=home_roybatti_Desktop_tiktoks_tiktoksteg_checkpoints,data__2023-03-26_19-12-07"
77,221.71456217765808,True,True,,,3,990ca321,45d8fb860e65444c864de8acadfb8435,2023-03-26_19-30-23,1679873423,665.5248954296112,83235,Roybatti,128.186.93.54,665.5248954296112,0,3,0.0025978088378906,0.001592054869434,0.0009900580016476,0.0025821128769897,0.0015236317344135,0.0009925826959902,0.0025162144367906,13004,0.0238361302624137,0.9428404047253912,128,1,/home/roybatti/Desktop/tiktoks/tiktoksteg/checkpoints,/home/roybatti/Desktop/tiktoks/tiktoksteg/data,0.285900189938146,16,0.00019803131921941467,2048,1,6,30,nearest,"/home/roybatti/ray_results/train_2023-03-23_20-47-42/train_990ca321_108_adam_beta=0.9428,batch_size=128,beta=1,checkpoint_dir=home_roybatti_Desktop_tiktoks_tiktoksteg_checkpoints,data_2023-03-26_19-19-18"
78,281.70966625213623,True,True,,,1,e9e11373,45d8fb860e65444c864de8acadfb8435,2023-03-26_19-35-05,1679873705,281.70966625213623,83235,Roybatti,128.186.93.54,281.70966625213623,0,1,0.0025978088378906,0.0063743779987175,0.0056207139055645,0.0119950919116006,0.005489245081057,0.0055973136338539,0.0110865587183173,30092,0.1143247557515287,0.9348183289780996,16,1,/home/roybatti/Desktop/tiktoks/tiktoksteg/checkpoints,/home/roybatti/Desktop/tiktoks/tiktoksteg/data,0.17173304646258192,16,0.0008513886753809364,128,2,7,30,nearest,"/home/roybatti/ray_results/train_2023-03-23_20-47-42/train_e9e11373_109_adam_beta=0.9348,batch_size=16,beta=1,checkpoint_dir=home_roybatti_Desktop_tiktoks_tiktoksteg_checkpoints,data__2023-03-26_19-30-23"
79,246.3031177520752,True,True,,,1,9767bacb,0558fd87b50e4ff1b70d2dcb749e2bda,2023-03-26_19-39-15,1679873955,246.3031177520752,267605,Roybatti,128.186.93.54,246.3031177520752,0,1,0.0027632713317871,0.0079691636357852,0.0059481314338071,0.0139172950943958,0.006179583867283,0.0058370803378829,0.0120166642166625,96524,0.1379218278621349,0.9593873816871923,32,1,/home/roybatti/Desktop/tiktoks/tiktoksteg/checkpoints,/home/roybatti/Desktop/tiktoks/tiktoksteg/data,0.5922561610695565,16,0.0006685173824564437,2048,3,7,30,nearest,"/home/roybatti/ray_results/train_2023-03-23_20-47-42/train_9767bacb_111_adam_beta=0.9594,batch_size=32,beta=1,checkpoint_dir=home_roybatti_Desktop_tiktoks_tiktoksteg_checkpoints,data__2023-03-26_19-35-07"
80,221.4537374973297,True,True,,,3,fb859efa,f3c27d5ff4e340648c9675b2e3c86e1d,2023-03-26_19-50-24,1679874624,665.3919885158539,274296,Roybatti,128.186.93.54,665.3919885158539,0,3,0.0026311874389648,0.0012346353216339,0.0008864911497469,0.0021211264798438,0.0011607552408586,0.0008954254739818,0.0020561807269756,13004,0.0194782252794672,0.9510334882594591,128,1,/home/roybatti/Desktop/tiktoks/tiktoksteg/checkpoints,/home/roybatti/Desktop/tiktoks/tiktoksteg/data,0.24226559100822107,16,0.00034826784417321997,1024,1,6,30,nearest,"/home/roybatti/ray_results/train_2023-03-23_20-47-42/train_fb859efa_113_adam_beta=0.9510,batch_size=128,beta=1,checkpoint_dir=home_roybatti_Desktop_tiktoks_tiktoksteg_checkpoints,data_2023-03-26_19-39-17"
81,221.0467677116394,True,True,,,1,f33e128e,678c5524deb84e83b25c0f224fa76ae5,2023-03-26_19-54-09,1679874849,221.0467677116394,291701,Roybatti,128.186.93.54,221.0467677116394,0,1,0.0024249553680419,0.0032871949708253,0.0030362481809433,0.0063234431558139,0.0029181798502542,0.0075821580205839,0.0105003379068179,96524,0.1205181214325898,0.9466455646127605,64,1,/home/roybatti/Desktop/tiktoks/tiktoksteg/checkpoints,/home/roybatti/Desktop/tiktoks/tiktoksteg/data,0.6284648638558472,16,0.005413580369572,512,3,7,30,nearest,"/home/roybatti/ray_results/train_2023-03-23_20-47-42/train_f33e128e_115_adam_beta=0.9466,batch_size=64,beta=1,checkpoint_dir=home_roybatti_Desktop_tiktoks_tiktoksteg_checkpoints,data__2023-03-26_19-50-26"
82,225.78048086166385,True,True,,,3,bf1c1ced,929124d755984cc9aed385f07c7bdf2d,2023-03-26_20-13-14,1679875994,679.4235680103302,350648,Roybatti,128.186.93.54,679.4235680103302,0,3,0.0026335716247558,0.0010266309569717,0.0008043571523677,0.0018309881150347,0.0009681135309581,0.0008078213491151,0.0017759348792217,30092,0.0183134664647731,0.9577321589035385,128,1,/home/roybatti/Desktop/tiktoks/tiktoksteg/checkpoints,/home/roybatti/Desktop/tiktoks/tiktoksteg/data,0.21632728238923382,16,0.0004961422348401933,128,2,6,30,nearest,"/home/roybatti/ray_results/train_2023-03-23_20-47-42/train_bf1c1ced_210_adam_beta=0.9577,batch_size=128,beta=1,checkpoint_dir=home_roybatti_Desktop_tiktoks_tiktoksteg_checkpoints,data_2023-03-26_20-01-53"
83,672.71648645401,True,True,,,1,25564839,8ddc7736236f48e69a060116bab258a5,2023-03-26_20-24-31,1679876671,672.71648645401,368367,Roybatti,128.186.93.54,672.71648645401,0,1,0.0025124549865722,0.0105013902613006,0.0091887337457564,0.0196901240458589,0.0090408332020824,0.0090998911056852,0.0181407243305478,519692,0.2387499206661666,0.954607263448909,16,1,/home/roybatti/Desktop/tiktoks/tiktoksteg/checkpoints,/home/roybatti/Desktop/tiktoks/tiktoksteg/data,0.3552560827928966,128,0.0010052094952944686,2048,1,5,30,nearest,"/home/roybatti/ray_results/train_2023-03-23_20-47-42/train_25564839_212_adam_beta=0.9546,batch_size=16,beta=1,checkpoint_dir=home_roybatti_Desktop_tiktoks_tiktoksteg_checkpoints,data__2023-03-26_20-13-16"
84,259.6571974754333,True,True,,,1,64b6ce28,36984461c92b4708b093a36c10be34f4,2023-03-26_20-28-54,1679876934,259.6571974754333,384231,Roybatti,128.186.93.54,259.6571974754333,0,1,0.0024042129516601,0.0066336322460839,0.0042514607068648,0.0108850929740795,0.0053017657381736,0.0041116190173054,0.00941338475995,358412,0.1203919049150906,0.9630464645725977,32,1,/home/roybatti/Desktop/tiktoks/tiktoksteg/checkpoints,/home/roybatti/Desktop/tiktoks/tiktoksteg/data,0.2993727946715514,16,0.0002689011650766242,4096,4,6,30,bilinear,"/home/roybatti/ray_results/train_2023-03-23_20-47-42/train_64b6ce28_214_adam_beta=0.9630,batch_size=32,beta=1,checkpoint_dir=home_roybatti_Desktop_tiktoks_tiktoksteg_checkpoints,data__2023-03-26_20-24-32"
85,274.8857810497284,True,True,,,2,1b40dd46,6f242e4e53604ccdbdc92a7e6854f4a7,2023-03-26_20-38-08,1679877488,551.0426397323608,391175,Roybatti,128.186.93.54,551.0426397323608,0,2,0.0024552345275878,0.0012596733018102,0.0011756169322171,0.0024352902373274,0.0012167199325433,0.0016338173178675,0.0028505372555204,107276,0.0330182297769893,0.9460986311658208,128,1,/home/roybatti/Desktop/tiktoks/tiktoksteg/checkpoints,/home/roybatti/Desktop/tiktoks/tiktoksteg/data,0.3815775318198291,32,0.002209850757896705,256,2,7,30,nearest,"/home/roybatti/ray_results/train_2023-03-23_20-47-42/train_1b40dd46_216_adam_beta=0.9461,batch_size=128,beta=1,checkpoint_dir=home_roybatti_Desktop_tiktoks_tiktoksteg_checkpoints,data_2023-03-26_20-28-56"
86,232.6092312335968,True,True,,,3,5d4a1ea2,65976231801a4513bffcee43643440fa,2023-03-26_20-49-48,1679878188,696.039532661438,405283,Roybatti,128.186.93.54,696.039532661438,0,3,0.002345323562622,0.0009410156382843,0.000529713925293,0.0014707295641096,0.0009433037556383,0.0005145965321595,0.001457900290459,358412,0.0186457260189123,0.9423872372946039,128,1,/home/roybatti/Desktop/tiktoks/tiktoksteg/checkpoints,/home/roybatti/Desktop/tiktoks/tiktoksteg/data,0.11604977989463143,16,2.290335139138706e-05,1024,4,6,30,nearest,"/home/roybatti/ray_results/train_2023-03-23_20-47-42/train_5d4a1ea2_218_adam_beta=0.9424,batch_size=128,beta=1,checkpoint_dir=home_roybatti_Desktop_tiktoks_tiktoksteg_checkpoints,data_2023-03-26_20-38-11"
87,675.2326400279999,True,True,,,1,7a3eb7ab,d2a286d874814e3bacca6804ee2592bc,2023-03-26_21-01-08,1679878868,675.2326400279999,423307,Roybatti,128.186.93.54,675.2326400279999,0,1,0.0025980472564697,0.0041030561567153,0.0031152584594408,0.0072183146250982,0.0032545629224956,0.0034912463559881,0.0067458092912576,1559564,0.0961946795994107,0.9532596973447913,64,1,/home/roybatti/Desktop/tiktoks/tiktoksteg/checkpoints,/home/roybatti/Desktop/tiktoks/tiktoksteg/data,0.8086408849806026,128,0.0017319668401820552,2048,2,7,30,nearest,"/home/roybatti/ray_results/train_2023-03-23_20-47-42/train_7a3eb7ab_220_adam_beta=0.9533,batch_size=64,beta=1,checkpoint_dir=home_roybatti_Desktop_tiktoks_tiktoksteg_checkpoints,data__2023-03-26_20-49-51"
88,237.12856197357175,True,True,,,2,bac39e99,c336dc47631c4c69a427902249dce404,2023-03-26_21-09-06,1679879346,474.60443329811096,437013,Roybatti,128.186.93.54,474.60443329811096,0,2,0.0023910999298095,0.0025642856827785,0.0013433053814899,0.0039075910751266,0.0024737514464333,0.0013393735384713,0.0038131250066203,96524,0.0437653213319093,0.9387247350681559,128,1,/home/roybatti/Desktop/tiktoks/tiktoksteg/checkpoints,/home/roybatti/Desktop/tiktoks/tiktoksteg/data,0.4641875040276824,16,0.00010011240187169679,256,3,5,30,bilinear,"/home/roybatti/ray_results/train_2023-03-23_20-47-42/train_bac39e99_222_adam_beta=0.9387,batch_size=128,beta=1,checkpoint_dir=home_roybatti_Desktop_tiktoks_tiktoksteg_checkpoints,data_2023-03-26_21-01-10"
89,383.7745883464813,True,True,,,1,514632e1,20e7b0555ce64ff9b5cb734804f34893,2023-03-26_21-15-34,1679879734,383.7745883464813,449441,Roybatti,128.186.93.54,383.7745883464813,0,1,0.0023114681243896,0.0138278339441388,0.0079065449354079,0.0217343789454672,0.0119045948032117,0.0075122088209647,0.0194168036837879,10287116,0.31351153329741,0.9823286878661581,16,1,/home/roybatti/Desktop/tiktoks/tiktoksteg/checkpoints,/home/roybatti/Desktop/tiktoks/tiktoksteg/data,0.26999719198022504,32,6.990709435268735e-05,512,6,6,30,nearest,"/home/roybatti/ray_results/train_2023-03-23_20-47-42/train_514632e1_224_adam_beta=0.9823,batch_size=16,beta=1,checkpoint_dir=home_roybatti_Desktop_tiktoks_tiktoksteg_checkpoints,data__2023-03-26_21-09-09"
90,231.86574006080627,True,True,,,3,77845ee1,20e7b0555ce64ff9b5cb734804f34893,2023-03-26_21-27-11,1679880431,696.3877856731415,449441,Roybatti,128.186.93.54,696.3877856731415,0,3,0.0023114681243896,0.0007645192787483,0.0007541603778541,0.0015186796545267,0.0007544702178908,0.0017647074269579,0.0025191776618806,1398284,0.0356482692414667,0.9313381457701166,128,1,/home/roybatti/Desktop/tiktoks/tiktoksteg/checkpoints,/home/roybatti/Desktop/tiktoks/tiktoksteg/data,0.1993580578153366,16,0.004056072477407012,4096,5,7,30,nearest,"/home/roybatti/ray_results/train_2023-03-23_20-47-42/train_77845ee1_225_adam_beta=0.9313,batch_size=128,beta=1,checkpoint_dir=home_roybatti_Desktop_tiktoks_tiktoksteg_checkpoints,data_2023-03-26_21-15-34"
91,252.2060899734497,True,True,,,2,467cc913,1b39c62341654177a52ce88d9f33c42c,2023-03-26_21-35-40,1679880940,505.2416625022888,476615,Roybatti,128.186.93.54,505.2416625022888,0,2,0.0024590492248535,0.0023022256436573,0.0022853926299207,0.0045876182734451,0.0022551150771524,0.0028715536470126,0.0051266687251231,237916,0.0634664821358076,0.9675551144051037,32,1,/home/roybatti/Desktop/tiktoks/tiktoksteg/checkpoints,/home/roybatti/Desktop/tiktoks/tiktoksteg/data,0.13808348422987765,16,0.002493572851315539,4096,4,1,30,nearest,"/home/roybatti/ray_results/train_2023-03-23_20-47-42/train_467cc913_227_adam_beta=0.9676,batch_size=32,beta=1,checkpoint_dir=home_roybatti_Desktop_tiktoks_tiktoksteg_checkpoints,data__2023-03-26_21-27-13"
92,235.9770896434784,True,True,,,3,62bbff65,bdc89ce4c8ea485e970655d3de7c59f9,2023-03-26_21-47-31,1679881651,707.1830036640167,489721,Roybatti,128.186.93.54,707.1830036640167,0,3,0.0024936199188232,0.001004290227435,0.000634236904432,0.0016385271354332,0.0009589671340499,0.0006340728626242,0.0015930399973128,96524,0.018284191380019,0.9582843376774575,128,1,/home/roybatti/Desktop/tiktoks/tiktoksteg/checkpoints,/home/roybatti/Desktop/tiktoks/tiktoksteg/data,0.15977545916775798,16,0.0001990282144753511,256,3,7,30,bilinear,"/home/roybatti/ray_results/train_2023-03-23_20-47-42/train_62bbff65_229_adam_beta=0.9583,batch_size=128,beta=1,checkpoint_dir=home_roybatti_Desktop_tiktoks_tiktoksteg_checkpoints,data_2023-03-26_21-35-42"
93,283.9789705276489,True,True,,,2,91389ee7,2de77d5308dc4c05b33e75cc6407699d,2023-03-26_21-57-09,1679882229,569.0053956508636,508541,Roybatti,128.186.93.54,569.0053956508636,0,2,0.0024971961975097,0.0021480768838087,0.0011724540400371,0.0033205309253894,0.002141506443815,0.0011220592138923,0.0032635656675007,966668,0.044977190497309,0.9755810469144451,128,1,/home/roybatti/Desktop/tiktoks/tiktoksteg/checkpoints,/home/roybatti/Desktop/tiktoks/tiktoksteg/data,0.308025218505723,32,1.3901691907504975e-05,128,5,7,30,nearest,"/home/roybatti/ray_results/train_2023-03-23_20-47-42/train_91389ee7_232_adam_beta=0.9756,batch_size=128,beta=1,checkpoint_dir=home_roybatti_Desktop_tiktoks_tiktoksteg_checkpoints,data_2023-03-26_21-47-38"
94,691.7015969753265,True,True,,,1,1ff0167b,5f11abd853bd4c87898f61995ff4252c,2023-03-26_22-08-45,1679882925,691.7015969753265,523059,Roybatti,128.186.93.54,691.7015969753265,0,1,0.0023989677429199,0.003439637246937,0.0028927230680818,0.0063323603238543,0.0028915529135401,0.0047039781806843,0.0075955311153013,6308876,0.1189267860545434,0.9608032096064203,64,1,/home/roybatti/Desktop/tiktoks/tiktoksteg/checkpoints,/home/roybatti/Desktop/tiktoks/tiktoksteg/data,0.5670536639063994,128,0.0029158016809351663,256,6,6,30,nearest,"/home/roybatti/ray_results/train_2023-03-23_20-47-42/train_1ff0167b_234_adam_beta=0.9608,batch_size=64,beta=1,checkpoint_dir=home_roybatti_Desktop_tiktoks_tiktoksteg_checkpoints,data__2023-03-26_21-57-11"
95,233.38666486740112,True,True,,,3,519d2d39,bf064b0a75eb4c9f9f5b66128f184bde,2023-03-26_22-20-28,1679883628,699.5751554965973,538364,Roybatti,128.186.93.54,699.5751554965973,0,3,0.0026850700378417,0.000836038521082,0.000839199697574,0.0016752382191884,0.0008357125424391,0.0009152291840584,0.0017509417243685,1398284,0.0247771496869394,0.9733443950149161,128,1,/home/roybatti/Desktop/tiktoks/tiktoksteg/checkpoints,/home/roybatti/Desktop/tiktoks/tiktoksteg/data,0.22707243900647314,16,0.0068185491884329786,256,5,5,30,nearest,"/home/roybatti/ray_results/train_2023-03-23_20-47-42/train_519d2d39_236_adam_beta=0.9733,batch_size=128,beta=1,checkpoint_dir=home_roybatti_Desktop_tiktoks_tiktoksteg_checkpoints,data_2023-03-26_22-08-46"
96,330.4679675102234,True,True,,,1,95a61f69,a8c4bf0829314e0ca5d7db5da0926092,2023-03-26_22-26-02,1679883962,330.4679675102234,556439,Roybatti,128.186.93.54,330.4679675102234,0,1,0.0026211738586425,0.0210622358637667,0.0120544355796978,0.0331166715464569,0.0184545479131529,0.0110544969115594,0.0295090448988009,1398284,0.4175753038496287,0.9663659766189575,16,1,/home/roybatti/Desktop/tiktoks/tiktoksteg/checkpoints,/home/roybatti/Desktop/tiktoks/tiktoksteg/data,0.5131990221848712,16,5.563321928308836e-05,1024,5,7,30,bilinear,"/home/roybatti/ray_results/train_2023-03-23_20-47-42/train_95a61f69_238_adam_beta=0.9664,batch_size=16,beta=1,checkpoint_dir=home_roybatti_Desktop_tiktoks_tiktoksteg_checkpoints,data__2023-03-26_22-20-29"
97,238.82344436645508,True,True,,,1,f0e978d3,aebfc20ea0734b31b7c44d723f2f6b8d,2023-03-26_22-30-04,1679884204,238.82344436645508,564575,Roybatti,128.186.93.54,238.82344436645508,0,1,0.0026047229766845,0.009469524160366,0.0064857642164054,0.0159552884295184,0.0070598193938554,0.0064575386606518,0.0135173580851646,13004,0.1280500991531679,0.9563545711378248,32,1,/home/roybatti/Desktop/tiktoks/tiktoksteg/checkpoints,/home/roybatti/Desktop/tiktoks/tiktoksteg/data,0.9453717595508624,16,0.0005110274290292263,512,1,6,30,nearest,"/home/roybatti/ray_results/train_2023-03-23_20-47-42/train_f0e978d3_240_adam_beta=0.9564,batch_size=32,beta=1,checkpoint_dir=home_roybatti_Desktop_tiktoks_tiktoksteg_checkpoints,data__2023-03-26_22-26-03"
98,283.6563444137573,True,True,,,3,128775f7,ac08383991e543c6b24c142c03f43787,2023-03-26_22-44-16,1679885056,848.9974946975708,570353,Roybatti,128.186.93.54,848.9974946975708,0,3,0.0023577213287353,0.0007594378113401,0.000703679836125,0.0014631176465604,0.0007381788725862,0.0007310337008599,0.0014692125749364,829516,0.0200233070860255,0.9642186093403181,128,1,/home/roybatti/Desktop/tiktoks/tiktoksteg/checkpoints,/home/roybatti/Desktop/tiktoks/tiktoksteg/data,0.18268675401114204,32,0.00116129271561462,256,4,2,30,nearest,"/home/roybatti/ray_results/train_2023-03-23_20-47-42/train_128775f7_242_adam_beta=0.9642,batch_size=128,beta=1,checkpoint_dir=home_roybatti_Desktop_tiktoks_tiktoksteg_checkpoints,data_2023-03-26_22-30-05"
99,225.55572056770325,True,True,,,3,c45b306f,23b5ec90885c406ca66536b025c6f970,2023-03-26_22-55-40,1679885740,679.915929555893,590178,Roybatti,128.186.93.54,679.915929555893,0,3,0.0022413730621337,0.0014253791225247,0.0012463195288027,0.0026716986538291,0.001370036022682,0.0012685333913306,0.0026385694101805,30092,0.0272089663724009,0.9787220688942733,128,1,/home/roybatti/Desktop/tiktoks/tiktoksteg/checkpoints,/home/roybatti/Desktop/tiktoks/tiktoksteg/data,0.42295813902160107,16,0.000764746813877096,128,2,4,30,nearest,"/home/roybatti/ray_results/train_2023-03-23_20-47-42/train_c45b306f_244_adam_beta=0.9787,batch_size=128,beta=1,checkpoint_dir=home_roybatti_Desktop_tiktoks_tiktoksteg_checkpoints,data_2023-03-26_22-44-19"
100,236.3888912200928,True,True,,,3,733f9699,899fbd07c44746029b625717f637ede6,2023-03-26_23-09-40,1679886580,708.6556718349457,620470,Roybatti,128.186.93.54,708.6556718349457,0,3,0.0025954246520996,0.0008283739190179,0.0004593729574176,0.001287746883142,0.0008193419249667,0.0004515929683252,0.0012709349027659,3581196,0.0191799421851352,0.9778115634899754,128,1,/home/roybatti/Desktop/tiktoks/tiktoksteg/checkpoints,/home/roybatti/Desktop/tiktoks/tiktoksteg/data,0.10145968697183068,16,2.7419890851572106e-05,2048,6,5,30,nearest,"/home/roybatti/ray_results/train_2023-03-23_20-47-42/train_733f9699_270_adam_beta=0.9778,batch_size=128,beta=1,checkpoint_dir=home_roybatti_Desktop_tiktoks_tiktoksteg_checkpoints,data_2023-03-26_22-57-50"
101,759.9669508934021,True,True,,,1,20691725,2cc152f8c80048c3ac99a55edfd57704,2023-03-26_23-22-23,1679887343,759.9669508934021,637789,Roybatti,128.186.93.54,759.9669508934021,0,1,0.0023541450500488,0.003804482803002,0.0019518178893653,0.0057563007158932,0.003740660817705,0.0018293125858724,0.0055699734374282,5703692,0.0866499838063515,0.9713678015981623,64,1,/home/roybatti/Desktop/tiktoks/tiktoksteg/checkpoints,/home/roybatti/Desktop/tiktoks/tiktoksteg/data,0.2627942301990724,128,3.743523097456352e-05,4096,3,6,30,bilinear,"/home/roybatti/ray_results/train_2023-03-23_20-47-42/train_20691725_272_adam_beta=0.9714,batch_size=64,beta=1,checkpoint_dir=home_roybatti_Desktop_tiktoks_tiktoksteg_checkpoints,data__2023-03-26_23-09-42"
102,231.2300560474396,True,True,,,2,f232b29e,ee9c29bb7b5d4969989cdbd518acdfa7,2023-03-26_23-30-10,1679887810,463.55605721473694,651367,Roybatti,128.186.93.54,463.55605721473694,0,2,0.0025029182434082,0.0022338749819831,0.0013755784403138,0.003609453433155,0.0022410118320299,0.0012628105879409,0.0035038224314673,358412,0.0448119212977771,0.9918933644335374,128,1,/home/roybatti/Desktop/tiktoks/tiktoksteg/checkpoints,/home/roybatti/Desktop/tiktoks/tiktoksteg/data,0.3269562230318587,16,1.739751541913722e-05,256,4,7,30,nearest,"/home/roybatti/ray_results/train_2023-03-23_20-47-42/train_f232b29e_274_adam_beta=0.9919,batch_size=128,beta=1,checkpoint_dir=home_roybatti_Desktop_tiktoks_tiktoksteg_checkpoints,data_2023-03-26_23-22-25"
103,329.61518478393555,True,True,,,1,136c6873,d53d5d1a3b634297a2e0dbf0a57f4482,2023-03-26_23-35-43,1679888143,329.61518478393555,663510,Roybatti,128.186.93.54,329.61518478393555,0,1,0.0023555755615234,0.0119387496612483,0.0091814903046598,0.0211202400000261,0.0093888877406128,0.0088027648145331,0.0181916525817582,796076,0.2471781687378665,0.9523742659758797,16,1,/home/roybatti/Desktop/tiktoks/tiktoksteg/checkpoints,/home/roybatti/Desktop/tiktoks/tiktoksteg/data,0.34154432329024526,16,0.0003471133675408024,1024,5,2,30,nearest,"/home/roybatti/ray_results/train_2023-03-23_20-47-42/train_136c6873_276_adam_beta=0.9524,batch_size=16,beta=1,checkpoint_dir=home_roybatti_Desktop_tiktoks_tiktoksteg_checkpoints,data__2023-03-26_23-30-12"
104,289.04708886146545,True,True,,,1,6ad08493,710fe3d47b96420eb94c989c29369232,2023-03-26_23-40-36,1679888436,289.04708886146545,671856,Roybatti,128.186.93.54,289.04708886146545,0,1,0.0024266242980957,0.0032060115645912,0.0016878785328373,0.0048938901173351,0.0030323440631207,0.0015269981041262,0.0045593421957754,3783692,0.0690567580543872,0.9485012918134957,128,1,/home/roybatti/Desktop/tiktoks/tiktoksteg/checkpoints,/home/roybatti/Desktop/tiktoks/tiktoksteg/data,0.6854514476833056,32,0.000169283756905728,256,6,6,30,nearest,"/home/roybatti/ray_results/train_2023-03-23_20-47-42/train_6ad08493_278_adam_beta=0.9485,batch_size=128,beta=1,checkpoint_dir=home_roybatti_Desktop_tiktoks_tiktoksteg_checkpoints,data_2023-03-26_23-35-45"
105,252.17554116249084,True,True,,,1,6412b4d3,c5c515ef2621406ebe61bdab98102633,2023-03-26_23-44-52,1679888692,252.17554116249084,678882,Roybatti,128.186.93.54,252.17554116249084,0,1,0.0521039962768554,0.0097318263284,0.0057401971855062,0.0154720235497274,0.0085037791477072,0.005256776959266,0.01376055613465,358412,0.1759897856071858,0.9366819573709424,32,1,/home/roybatti/Desktop/tiktoks/tiktoksteg/checkpoints,/home/roybatti/Desktop/tiktoks/tiktoksteg/data,0.4704015698406105,16,0.00014123749392886564,2048,4,5,30,nearest,"/home/roybatti/ray_results/train_2023-03-23_20-47-42/train_6412b4d3_280_adam_beta=0.9367,batch_size=32,beta=1,checkpoint_dir=home_roybatti_Desktop_tiktoks_tiktoksteg_checkpoints,data__2023-03-26_23-40-38"
